week_start,sku_id,store_id,units,price,inventory_on_hand,currency,load_ts,source_file
2023-01-02,S001,C001,16,12.73,40,USD,2023-01-03 02:00:00,erp_export_v1.csv
2023-01-02,S001,C002,27,12.61,67,USD,2023-01-03 02:00:00,erp_export_v1.csv
2023-01-02,S001,C003,28,12.47,61,USD,2023-01-03 02:00:00,erp_export_v1.csv
2023-01-02,S002,C001,28,24.32,49,USD,2023-01-03 02:00:00,erp_export_v1.csv
2023-01-02,S002,C002,39,24.33,88,USD,2023-01-03 02:00:00,erp_export_v1.csv
2023-01-02,S002,C003,31,24.32,80,USD,2023-01-03 02:00:00,erp_export_v1.csv
2023-01-02,S003,C001,43,19.69,69,USD,2023-01-03 02:00:00,erp_export_v1.csv
2023-01-02,S003,C002,43,19.86,72,USD,2023-01-03 02:00:00,erp_export_v1.csv
2023-01-02,S003,C003,48,19.55,104,USD,2023-01-03 02:00:00,erp_export_v1.csv
2023-01-02,S004,C001,40,16.98,96,USD,2023-01-03 02:00:00,erp_export_v1.csv
2023-01-02,S004,C002,49,16.77,107,USD,2023-01-03 02:00:00,erp_export_v1.csv
2023-01-02,S004,C003,49,16.9,100,USD,2023-01-03 02:00:00,erp_export_v1.csv
2023-01-02,S005,C001,43,7.2,66,USD,2023-01-03 02:00:00,erp_export_v1.csv
2023-01-02,S005,C002,79,7.38,110,USD,2023-01-03 02:00:00,erp_export_v1.csv
2023-01-02,S005,C003,65,8.04,94,USD,2023-01-03 02:00:00,erp_export_v1.csv
2023-01-09,S001,C001,24,12.49,82,USD,2023-01-10 02:00:00,erp_export_v1.csv
2023-01-09,S001,C002,25,12.34,68,USD,2023-01-10 02:00:00,erp_export_v1.csv
2023-01-09,S001,C003,58,11.43,89,USD,2023-01-10 02:00:00,erp_export_v1.csv
2023-01-09,S002,C001,30,23.8,54,USD,2023-01-10 02:00:00,erp_export_v1.csv
2023-01-09,S002,C002,28,23.94,82,USD,2023-01-10 02:00:00,erp_export_v1.csv
2023-01-09,S002,C003,39,23.72,87,USD,2023-01-10 02:00:00,erp_export_v1.csv
2023-01-09,S003,C001,31,20.01,73,USD,2023-01-10 02:00:00,erp_export_v1.csv
2023-01-09,S003,C002,38,19.34,67,USD,2023-01-10 02:00:00,erp_export_v1.csv
2023-01-09,S003,C003,59,19.4,89,USD,2023-01-10 02:00:00,erp_export_v1.csv
2023-01-09,S004,C001,62,15.12,95,USD,2023-01-10 02:00:00,erp_export_v1.csv
2023-01-09,S004,C002,62,17.09,96,USD,2023-01-10 02:00:00,erp_export_v1.csv
2023-01-09,S004,C003,49,16.8,82,USD,2023-01-10 02:00:00,erp_export_v1.csv
2023-01-09,S005,C001,47,7.2,94,USD,2023-01-10 02:00:00,erp_export_v1.csv
2023-01-09,S005,C002,71,7.24,98,USD,2023-01-10 02:00:00,erp_export_v1.csv
2023-01-09,S005,C003,77,8.04,106,USD,2023-01-10 02:00:00,erp_export_v1.csv
2023-01-16,S001,C001,32,11.31,61,USD,2023-01-17 02:00:00,erp_export_v1.csv
2023-01-16,S001,C002,38,11.44,69,USD,2023-01-17 02:00:00,erp_export_v1.csv
2023-01-16,S001,C003,46,11.19,76,USD,2023-01-17 02:00:00,erp_export_v1.csv
2023-01-16,S002,C001,35,21.54,87,USD,2023-01-17 02:00:00,erp_export_v1.csv
2023-01-16,S002,C002,49,21.52,105,USD,2023-01-17 02:00:00,erp_export_v1.csv
2023-01-16,S002,C003,40,23.83,68,USD,2023-01-17 02:00:00,erp_export_v1.csv
2023-01-16,S003,C001,55,17.36,109,USD,2023-01-17 02:00:00,erp_export_v1.csv
2023-01-16,S003,C002,54,17.51,102,USD,2023-01-17 02:00:00,erp_export_v1.csv
2023-01-16,S003,C003,76,17.57,124,USD,2023-01-17 02:00:00,erp_export_v1.csv
2023-01-16,S004,C001,55,15.33,80,USD,2023-01-17 02:00:00,erp_export_v1.csv
2023-01-16,S004,C002,55,15.45,103,USD,2023-01-17 02:00:00,erp_export_v1.csv
2023-01-16,S004,C003,54,16.93,102,USD,2023-01-17 02:00:00,erp_export_v1.csv
2023-01-16,S005,C001,58,7.29,83,USD,2023-01-17 02:00:00,erp_export_v1.csv
2023-01-16,S005,C002,77,7.34,98,USD,2023-01-17 02:00:00,erp_export_v1.csv
2023-01-16,S005,C003,70,8.06,90,USD,2023-01-17 02:00:00,erp_export_v1.csv
2023-01-23,S001,C001,31,11.44,82,USD,2023-01-24 02:00:00,erp_export_v1.csv
2023-01-23,S001,C002,40,11.08,63,USD,2023-01-24 02:00:00,erp_export_v1.csv
2023-01-23,S001,C003,51,11.11,99,USD,2023-01-24 02:00:00,erp_export_v1.csv
2023-01-23,S002,C001,48,21.79,81,USD,2023-01-24 02:00:00,erp_export_v1.csv
2023-01-23,S002,C002,42,21.47,84,USD,2023-01-24 02:00:00,erp_export_v1.csv
2023-01-23,S002,C003,39,23.76,73,USD,2023-01-24 02:00:00,erp_export_v1.csv
2023-01-23,S003,C001,46,17.35,96,USD,2023-01-24 02:00:00,erp_export_v1.csv
2023-01-23,S003,C002,59,17.69,116,USD,2023-01-24 02:00:00,erp_export_v1.csv
2023-01-23,S003,C003,54,17.98,98,USD,2023-01-24 02:00:00,erp_export_v1.csv
2023-01-23,S004,C001,60,15.21,114,USD,2023-01-24 02:00:00,erp_export_v1.csv
2023-01-23,S004,C002,56,15.14,85,USD,2023-01-24 02:00:00,erp_export_v1.csv
2023-01-23,S004,C003,37,16.91,70,USD,2023-01-24 02:00:00,erp_export_v1.csv
2023-01-23,S005,C001,50,8.08,74,USD,2023-01-24 02:00:00,erp_export_v1.csv
2023-01-23,S005,C002,55,8.12,89,USD,2023-01-24 02:00:00,erp_export_v1.csv
2023-01-23,S005,C003,68,8.01,108,USD,2023-01-24 02:00:00,erp_export_v1.csv
2023-01-30,S001,C001,34,12.32,77,USD,2023-01-31 02:00:00,erp_export_v1.csv
2023-01-30,S001,C002,31,12.58,83,USD,2023-01-31 02:00:00,erp_export_v1.csv
2023-01-30,S001,C003,49,12.4,76,USD,2023-01-31 02:00:00,erp_export_v1.csv
2023-01-30,S002,C001,40,21.31,95,USD,2023-01-31 02:00:00,erp_export_v1.csv
2023-01-30,S002,C002,46,23.9,83,USD,2023-01-31 02:00:00,erp_export_v1.csv
2023-01-30,S002,C003,53,24.32,90,USD,2023-01-31 02:00:00,erp_export_v1.csv
2023-01-30,S003,C001,36,19.63,58,USD,2023-01-31 02:00:00,erp_export_v1.csv
2023-01-30,S003,C002,68,17.51,104,USD,2023-01-31 02:00:00,erp_export_v1.csv
2023-01-30,S003,C003,71,17.5,121,USD,2023-01-31 02:00:00,erp_export_v1.csv
2023-01-30,S004,C001,47,17.16,102,USD,2023-01-31 02:00:00,erp_export_v1.csv
2023-01-30,S004,C002,85,15.24,114,USD,2023-01-31 02:00:00,erp_export_v1.csv
2023-01-30,S004,C003,47,17.03,95,USD,2023-01-31 02:00:00,erp_export_v1.csv
2023-01-30,S005,C001,55,7.98,85,USD,2023-01-31 02:00:00,erp_export_v1.csv
2023-01-30,S005,C002,60,8.0,105,USD,2023-01-31 02:00:00,erp_export_v1.csv
2023-01-30,S005,C003,75,8.02,105,USD,2023-01-31 02:00:00,erp_export_v1.csv
2023-02-06,S001,C001,47,12.67,98,USD,2023-02-07 02:00:00,erp_export_v1.csv
2023-02-06,S001,C002,42,12.67,100,USD,2023-02-07 02:00:00,erp_export_v1.csv
2023-02-06,S001,C003,55,12.41,95,USD,2023-02-07 02:00:00,erp_export_v1.csv
2023-02-06,S002,C001,39,23.88,68,USD,2023-02-07 02:00:00,erp_export_v1.csv
2023-02-06,S002,C002,48,24.05,105,USD,2023-02-07 02:00:00,erp_export_v1.csv
2023-02-06,S002,C003,60,23.56,113,USD,2023-02-07 02:00:00,erp_export_v1.csv
2023-02-06,S003,C001,53,19.82,111,USD,2023-02-07 02:00:00,erp_export_v1.csv
2023-02-06,S003,C002,49,19.85,98,USD,2023-02-07 02:00:00,erp_export_v1.csv
2023-02-06,S003,C003,70,19.42,98,USD,2023-02-07 02:00:00,erp_export_v1.csv
2023-02-06,S004,C001,50,16.75,79,USD,2023-02-07 02:00:00,erp_export_v1.csv
2023-02-06,S004,C002,56,17.13,101,USD,2023-02-07 02:00:00,erp_export_v1.csv
2023-02-06,S004,C003,78,17.19,134,USD,2023-02-07 02:00:00,erp_export_v1.csv
2023-02-06,S005,C001,69,8.05,111,USD,2023-02-07 02:00:00,erp_export_v1.csv
2023-02-06,S005,C002,74,8.1,131,USD,2023-02-07 02:00:00,erp_export_v1.csv
2023-02-06,S005,C003,92,8.12,119,USD,2023-02-07 02:00:00,erp_export_v1.csv
2023-02-13,S001,C001,40,12.43,92,USD,2023-02-14 02:00:00,erp_export_v1.csv
2023-02-13,S001,C002,38,12.28,63,USD,2023-02-14 02:00:00,erp_export_v1.csv
2023-02-13,S001,C003,52,12.55,90,USD,2023-02-14 02:00:00,erp_export_v1.csv
2023-02-13,S002,C001,35,23.72,94,USD,2023-02-14 02:00:00,erp_export_v1.csv
2023-02-13,S002,C002,47,24.3,69,USD,2023-02-14 02:00:00,erp_export_v1.csv
2023-02-13,S002,C003,48,23.69,98,USD,2023-02-14 02:00:00,erp_export_v1.csv
2023-02-13,S003,C001,37,19.87,81,USD,2023-02-14 02:00:00,erp_export_v1.csv
2023-02-13,S003,C002,46,19.59,97,USD,2023-02-14 02:00:00,erp_export_v1.csv
2023-02-13,S003,C003,51,19.67,85,USD,2023-02-14 02:00:00,erp_export_v1.csv
2023-02-13,S004,C001,45,16.73,69,USD,2023-02-14 02:00:00,erp_export_v1.csv
2023-02-13,S004,C002,57,16.98,83,USD,2023-02-14 02:00:00,erp_export_v1.csv
2023-02-13,S004,C003,73,16.91,109,USD,2023-02-14 02:00:00,erp_export_v1.csv
2023-02-13,S005,C001,46,8.0,72,USD,2023-02-14 02:00:00,erp_export_v1.csv
2023-02-13,S005,C002,63,8.2,83,USD,2023-02-14 02:00:00,erp_export_v1.csv
2023-02-13,S005,C003,67,8.19,107,USD,2023-02-14 02:00:00,erp_export_v1.csv
2023-02-20,S001,C001,29,12.71,51,USD,2023-02-21 02:00:00,erp_export_v1.csv
2023-02-20,S001,C002,42,12.31,83,USD,2023-02-21 02:00:00,erp_export_v1.csv
2023-02-20,S001,C003,35,12.55,91,USD,2023-02-21 02:00:00,erp_export_v1.csv
2023-02-20,S002,C001,41,24.18,77,USD,2023-02-21 02:00:00,erp_export_v1.csv
2023-02-20,S002,C002,41,24.26,83,USD,2023-02-21 02:00:00,erp_export_v1.csv
2023-02-20,S002,C003,53,24.36,91,USD,2023-02-21 02:00:00,erp_export_v1.csv
2023-02-20,S003,C001,46,19.58,67,USD,2023-02-21 02:00:00,erp_export_v1.csv
2023-02-20,S003,C002,45,19.65,76,USD,2023-02-21 02:00:00,erp_export_v1.csv
2023-02-20,S003,C003,61,19.36,90,USD,2023-02-21 02:00:00,erp_export_v1.csv
2023-02-20,S004,C001,42,17.11,81,USD,2023-02-21 02:00:00,erp_export_v1.csv
2023-02-20,S004,C002,51,16.96,86,USD,2023-02-21 02:00:00,erp_export_v1.csv
2023-02-20,S004,C003,60,17.26,118,USD,2023-02-21 02:00:00,erp_export_v1.csv
2023-02-20,S005,C001,57,8.12,115,USD,2023-02-21 02:00:00,erp_export_v1.csv
2023-02-20,S005,C002,64,8.11,96,USD,2023-02-21 02:00:00,erp_export_v1.csv
2023-02-20,S005,C003,83,7.99,114,USD,2023-02-21 02:00:00,erp_export_v1.csv
2023-02-27,S001,C001,36,12.34,84,USD,2023-02-28 02:00:00,erp_export_v1.csv
2023-02-27,S001,C002,43,12.47,101,USD,2023-02-28 02:00:00,erp_export_v1.csv
2023-02-27,S001,C003,51,12.38,106,USD,2023-02-28 02:00:00,erp_export_v1.csv
2023-02-27,S002,C001,28,24.11,82,USD,2023-02-28 02:00:00,erp_export_v1.csv
2023-02-27,S002,C002,40,23.89,95,USD,2023-02-28 02:00:00,erp_export_v1.csv
2023-02-27,S002,C003,49,24.12,92,USD,2023-02-28 02:00:00,erp_export_v1.csv
2023-02-27,S003,C001,43,19.87,101,USD,2023-02-28 02:00:00,erp_export_v1.csv
2023-02-27,S003,C002,59,19.95,111,USD,2023-02-28 02:00:00,erp_export_v1.csv
2023-02-27,S003,C003,52,19.29,109,USD,2023-02-28 02:00:00,erp_export_v1.csv
2023-02-27,S004,C001,46,16.87,77,USD,2023-02-28 02:00:00,erp_export_v1.csv
2023-02-27,S004,C002,61,17.1,106,USD,2023-02-28 02:00:00,erp_export_v1.csv
2023-02-27,S004,C003,63,17.31,87,USD,2023-02-28 02:00:00,erp_export_v1.csv
2023-02-27,S005,C001,66,7.23,114,USD,2023-02-28 02:00:00,erp_export_v1.csv
2023-02-27,S005,C002,69,7.98,103,USD,2023-02-28 02:00:00,erp_export_v1.csv
2023-02-27,S005,C003,76,8.2,117,USD,2023-02-28 02:00:00,erp_export_v1.csv
2023-03-06,S001,C001,20,12.25,74,USD,2023-03-07 02:00:00,erp_export_v1.csv
2023-03-06,S001,C002,50,11.25,79,USD,2023-03-07 02:00:00,erp_export_v1.csv
2023-03-06,S001,C003,78,11.34,133,USD,2023-03-07 02:00:00,erp_export_v1.csv
2023-03-06,S002,C001,34,24.33,67,USD,2023-03-07 02:00:00,erp_export_v1.csv
2023-03-06,S002,C002,42,24.02,89,USD,2023-03-07 02:00:00,erp_export_v1.csv
2023-03-06,S002,C003,53,23.72,103,USD,2023-03-07 02:00:00,erp_export_v1.csv
2023-03-06,S003,C001,32,19.62,67,USD,2023-03-07 02:00:00,erp_export_v1.csv
2023-03-06,S003,C002,54,19.41,77,USD,2023-03-07 02:00:00,erp_export_v1.csv
2023-03-06,S003,C003,60,19.55,99,USD,2023-03-07 02:00:00,erp_export_v1.csv
2023-03-06,S004,C001,48,17.18,95,USD,2023-03-07 02:00:00,erp_export_v1.csv
2023-03-06,S004,C002,61,16.68,118,USD,2023-03-07 02:00:00,erp_export_v1.csv
2023-03-06,S004,C003,62,16.89,118,USD,2023-03-07 02:00:00,erp_export_v1.csv
2023-03-06,S005,C001,77,7.29,133,USD,2023-03-07 02:00:00,erp_export_v1.csv
2023-03-06,S005,C002,75,8.28,118,USD,2023-03-07 02:00:00,erp_export_v1.csv
2023-03-06,S005,C003,106,7.43,149,USD,2023-03-07 02:00:00,erp_export_v1.csv
2023-03-13,S001,C001,28,12.43,57,USD,2023-03-14 02:00:00,erp_export_v1.csv
2023-03-13,S001,C002,50,11.41,95,USD,2023-03-14 02:00:00,erp_export_v1.csv
2023-03-13,S001,C003,54,11.05,101,USD,2023-03-14 02:00:00,erp_export_v1.csv
2023-03-13,S002,C001,43,21.98,84,USD,2023-03-14 02:00:00,erp_export_v1.csv
2023-03-13,S002,C002,43,24.38,63,USD,2023-03-14 02:00:00,erp_export_v1.csv
2023-03-13,S002,C003,56,24.06,79,USD,2023-03-14 02:00:00,erp_export_v1.csv
2023-03-13,S003,C001,65,17.62,89,USD,2023-03-14 02:00:00,erp_export_v1.csv
2023-03-13,S003,C002,83,17.99,136,USD,2023-03-14 02:00:00,erp_export_v1.csv
2023-03-13,S003,C003,60,19.27,87,USD,2023-03-14 02:00:00,erp_export_v1.csv
2023-03-13,S004,C001,77,15.3,116,USD,2023-03-14 02:00:00,erp_export_v1.csv
2023-03-13,S004,C002,45,17.1,83,USD,2023-03-14 02:00:00,erp_export_v1.csv
2023-03-13,S004,C003,85,15.1,113,USD,2023-03-14 02:00:00,erp_export_v1.csv
2023-03-13,S005,C001,66,8.02,92,USD,2023-03-14 02:00:00,erp_export_v1.csv
2023-03-13,S005,C002,54,8.08,101,USD,2023-03-14 02:00:00,erp_export_v1.csv
2023-03-13,S005,C003,102,7.37,159,USD,2023-03-14 02:00:00,erp_export_v1.csv
2023-03-20,S001,C001,27,12.59,57,USD,2023-03-21 02:00:00,erp_export_v1.csv
2023-03-20,S001,C002,34,12.5,93,USD,2023-03-21 02:00:00,erp_export_v1.csv
2023-03-20,S001,C003,53,11.39,84,USD,2023-03-21 02:00:00,erp_export_v1.csv
2023-03-20,S002,C001,58,21.87,112,USD,2023-03-21 02:00:00,erp_export_v1.csv
2023-03-20,S002,C002,60,24.03,97,USD,2023-03-21 02:00:00,erp_export_v1.csv
2023-03-20,S002,C003,55,23.77,91,USD,2023-03-21 02:00:00,erp_export_v1.csv
2023-03-20,S003,C001,65,17.65,114,USD,2023-03-21 02:00:00,erp_export_v1.csv
2023-03-20,S003,C002,71,17.66,116,USD,2023-03-21 02:00:00,erp_export_v1.csv
2023-03-20,S003,C003,63,19.94,96,USD,2023-03-21 02:00:00,erp_export_v1.csv
2023-03-20,S004,C001,62,15.29,101,USD,2023-03-21 02:00:00,erp_export_v1.csv
2023-03-20,S004,C002,63,16.81,116,USD,2023-03-21 02:00:00,erp_export_v1.csv
2023-03-20,S004,C003,96,15.14,149,USD,2023-03-21 02:00:00,erp_export_v1.csv
2023-03-20,S005,C001,57,8.02,98,USD,2023-03-21 02:00:00,erp_export_v1.csv
2023-03-20,S005,C002,60,8.04,100,USD,2023-03-21 02:00:00,erp_export_v1.csv
2023-03-20,S005,C003,102,7.17,138,USD,2023-03-21 02:00:00,erp_export_v1.csv
2023-03-27,S001,C001,48,12.64,103,USD,2023-03-28 02:00:00,erp_export_v1.csv
2023-03-27,S001,C002,56,12.47,103,USD,2023-03-28 02:00:00,erp_export_v1.csv
2023-03-27,S001,C003,48,12.7,94,USD,2023-03-28 02:00:00,erp_export_v1.csv
2023-03-27,S002,C001,55,21.75,100,USD,2023-03-28 02:00:00,erp_export_v1.csv
2023-03-27,S002,C002,60,23.6,90,USD,2023-03-28 02:00:00,erp_export_v1.csv
2023-03-27,S002,C003,61,24.26,82,USD,2023-03-28 02:00:00,erp_export_v1.csv
2023-03-27,S003,C001,64,19.71,84,USD,2023-03-28 02:00:00,erp_export_v1.csv
2023-03-27,S003,C002,60,19.76,90,USD,2023-03-28 02:00:00,erp_export_v1.csv
2023-03-27,S003,C003,100,19.32,157,USD,2023-03-28 02:00:00,erp_export_v1.csv
2023-03-27,S004,C001,46,16.78,102,USD,2023-03-28 02:00:00,erp_export_v1.csv
2023-03-27,S004,C002,81,17.01,109,USD,2023-03-28 02:00:00,erp_export_v1.csv
2023-03-27,S004,C003,78,16.68,115,USD,2023-03-28 02:00:00,erp_export_v1.csv
2023-03-27,S005,C001,94,8.0,134,USD,2023-03-28 02:00:00,erp_export_v1.csv
2023-03-27,S005,C002,98,8.16,123,USD,2023-03-28 02:00:00,erp_export_v1.csv
2023-03-27,S005,C003,103,8.06,130,USD,2023-03-28 02:00:00,erp_export_v1.csv
2023-04-03,S001,C001,26,12.64,80,USD,2023-04-04 02:00:00,erp_export_v1.csv
2023-04-03,S001,C002,43,12.27,65,USD,2023-04-04 02:00:00,erp_export_v1.csv
2023-04-03,S001,C003,34,12.54,77,USD,2023-04-04 02:00:00,erp_export_v1.csv
2023-04-03,S002,C001,48,24.09,85,USD,2023-04-04 02:00:00,erp_export_v1.csv
2023-04-03,S002,C002,42,24.11,95,USD,2023-04-04 02:00:00,erp_export_v1.csv
2023-04-03,S002,C003,55,23.59,85,USD,2023-04-04 02:00:00,erp_export_v1.csv
2023-04-03,S003,C001,55,19.33,98,USD,2023-04-04 02:00:00,erp_export_v1.csv
2023-04-03,S003,C002,73,19.53,118,USD,2023-04-04 02:00:00,erp_export_v1.csv
2023-04-03,S003,C003,63,19.51,98,USD,2023-04-04 02:00:00,erp_export_v1.csv
2023-04-03,S004,C001,64,16.97,97,USD,2023-04-04 02:00:00,erp_export_v1.csv
2023-04-03,S004,C002,66,16.84,121,USD,2023-04-04 02:00:00,erp_export_v1.csv
2023-04-03,S004,C003,77,17.11,100,USD,2023-04-04 02:00:00,erp_export_v1.csv
2023-04-03,S005,C001,63,8.13,83,USD,2023-04-04 02:00:00,erp_export_v1.csv
2023-04-03,S005,C002,67,8.12,115,USD,2023-04-04 02:00:00,erp_export_v1.csv
2023-04-03,S005,C003,75,8.05,133,USD,2023-04-04 02:00:00,erp_export_v1.csv
2023-04-10,S001,C001,30,12.63,73,USD,2023-04-11 02:00:00,erp_export_v1.csv
2023-04-10,S001,C002,48,12.49,73,USD,2023-04-11 02:00:00,erp_export_v1.csv
2023-04-10,S001,C003,41,12.7,63,USD,2023-04-11 02:00:00,erp_export_v1.csv
2023-04-10,S002,C001,44,23.89,101,USD,2023-04-11 02:00:00,erp_export_v1.csv
2023-04-10,S002,C002,53,24.07,103,USD,2023-04-11 02:00:00,erp_export_v1.csv
2023-04-10,S002,C003,62,24.18,83,USD,2023-04-11 02:00:00,erp_export_v1.csv
2023-04-10,S003,C001,51,19.71,109,USD,2023-04-11 02:00:00,erp_export_v1.csv
2023-04-10,S003,C002,46,19.74,75,USD,2023-04-11 02:00:00,erp_export_v1.csv
2023-04-10,S003,C003,71,19.31,102,USD,2023-04-11 02:00:00,erp_export_v1.csv
2023-04-10,S004,C001,55,16.96,108,USD,2023-04-11 02:00:00,erp_export_v1.csv
2023-04-10,S004,C002,55,16.75,93,USD,2023-04-11 02:00:00,erp_export_v1.csv
2023-04-10,S004,C003,71,16.89,122,USD,2023-04-11 02:00:00,erp_export_v1.csv
2023-04-10,S005,C001,53,8.16,90,USD,2023-04-11 02:00:00,erp_export_v1.csv
2023-04-10,S005,C002,67,7.99,94,USD,2023-04-11 02:00:00,erp_export_v1.csv
2023-04-10,S005,C003,79,7.98,130,USD,2023-04-11 02:00:00,erp_export_v1.csv
2023-04-17,S001,C001,39,12.36,71,USD,2023-04-18 02:00:00,erp_export_v1.csv
2023-04-17,S001,C002,35,12.44,73,USD,2023-04-18 02:00:00,erp_export_v1.csv
2023-04-17,S001,C003,39,12.57,84,USD,2023-04-18 02:00:00,erp_export_v1.csv
2023-04-17,S002,C001,39,24.08,75,USD,2023-04-18 02:00:00,erp_export_v1.csv
2023-04-17,S002,C002,49,24.0,92,USD,2023-04-18 02:00:00,erp_export_v1.csv
2023-04-17,S002,C003,59,23.53,98,USD,2023-04-18 02:00:00,erp_export_v1.csv
2023-04-17,S003,C001,44,19.38,67,USD,2023-04-18 02:00:00,erp_export_v1.csv
2023-04-17,S003,C002,49,20.02,76,USD,2023-04-18 02:00:00,erp_export_v1.csv
2023-04-17,S003,C003,68,19.38,110,USD,2023-04-18 02:00:00,erp_export_v1.csv
2023-04-17,S004,C001,47,17.02,89,USD,2023-04-18 02:00:00,erp_export_v1.csv
2023-04-17,S004,C002,49,17.27,90,USD,2023-04-18 02:00:00,erp_export_v1.csv
2023-04-17,S004,C003,76,17.14,101,USD,2023-04-18 02:00:00,erp_export_v1.csv
2023-04-17,S005,C001,42,8.08,72,USD,2023-04-18 02:00:00,erp_export_v1.csv
2023-04-17,S005,C002,62,7.98,108,USD,2023-04-18 02:00:00,erp_export_v1.csv
2023-04-17,S005,C003,90,8.04,141,USD,2023-04-18 02:00:00,erp_export_v1.csv
2023-04-24,S001,C001,36,12.43,75,USD,2023-04-25 02:00:00,erp_export_v1.csv
2023-04-24,S001,C002,37,12.33,64,USD,2023-04-25 02:00:00,erp_export_v1.csv
2023-04-24,S001,C003,47,12.33,90,USD,2023-04-25 02:00:00,erp_export_v1.csv
2023-04-24,S002,C001,47,24.05,106,USD,2023-04-25 02:00:00,erp_export_v1.csv
2023-04-24,S002,C002,43,23.56,89,USD,2023-04-25 02:00:00,erp_export_v1.csv
2023-04-24,S002,C003,48,23.75,107,USD,2023-04-25 02:00:00,erp_export_v1.csv
2023-04-24,S003,C001,63,17.68,92,USD,2023-04-25 02:00:00,erp_export_v1.csv
2023-04-24,S003,C002,56,19.78,76,USD,2023-04-25 02:00:00,erp_export_v1.csv
2023-04-24,S003,C003,79,19.55,112,USD,2023-04-25 02:00:00,erp_export_v1.csv
2023-04-24,S004,C001,54,16.65,89,USD,2023-04-25 02:00:00,erp_export_v1.csv
2023-04-24,S004,C002,76,17.15,131,USD,2023-04-25 02:00:00,erp_export_v1.csv
2023-04-24,S004,C003,58,17.14,101,USD,2023-04-25 02:00:00,erp_export_v1.csv
2023-04-24,S005,C001,55,7.99,100,USD,2023-04-25 02:00:00,erp_export_v1.csv
2023-04-24,S005,C002,99,7.41,145,USD,2023-04-25 02:00:00,erp_export_v1.csv
2023-04-24,S005,C003,87,8.1,129,USD,2023-04-25 02:00:00,erp_export_v1.csv
2023-05-01,S001,C001,37,12.69,92,USD,2023-05-02 02:00:00,erp_export_v1.csv
2023-05-01,S001,C002,33,12.53,73,USD,2023-05-02 02:00:00,erp_export_v1.csv
2023-05-01,S001,C003,50,12.27,84,USD,2023-05-02 02:00:00,erp_export_v1.csv
2023-05-01,S002,C001,32,23.94,54,USD,2023-05-02 02:00:00,erp_export_v1.csv
2023-05-01,S002,C002,37,24.26,71,USD,2023-05-02 02:00:00,erp_export_v1.csv
2023-05-01,S002,C003,66,21.74,122,USD,2023-05-02 02:00:00,erp_export_v1.csv
2023-05-01,S003,C001,41,17.35,63,USD,2023-05-02 02:00:00,erp_export_v1.csv
2023-05-01,S003,C002,67,17.53,117,USD,2023-05-02 02:00:00,erp_export_v1.csv
2023-05-01,S003,C003,56,19.38,103,USD,2023-05-02 02:00:00,erp_export_v1.csv
2023-05-01,S004,C001,84,15.07,124,USD,2023-05-02 02:00:00,erp_export_v1.csv
2023-05-01,S004,C002,64,16.91,87,USD,2023-05-02 02:00:00,erp_export_v1.csv
2023-05-01,S004,C003,69,15.46,101,USD,2023-05-02 02:00:00,erp_export_v1.csv
2023-05-01,S005,C001,64,7.23,101,USD,2023-05-02 02:00:00,erp_export_v1.csv
2023-05-01,S005,C002,83,7.28,137,USD,2023-05-02 02:00:00,erp_export_v1.csv
2023-05-01,S005,C003,91,7.29,131,USD,2023-05-02 02:00:00,erp_export_v1.csv
2023-05-08,S001,C001,22,12.71,60,USD,2023-05-09 02:00:00,erp_export_v1.csv
2023-05-08,S001,C002,33,12.34,92,USD,2023-05-09 02:00:00,erp_export_v1.csv
2023-05-08,S001,C003,42,12.36,95,USD,2023-05-09 02:00:00,erp_export_v1.csv
2023-05-08,S002,C001,39,23.66,73,USD,2023-05-09 02:00:00,erp_export_v1.csv
2023-05-08,S002,C002,44,24.33,100,USD,2023-05-09 02:00:00,erp_export_v1.csv
2023-05-08,S002,C003,73,21.28,119,USD,2023-05-09 02:00:00,erp_export_v1.csv
2023-05-08,S003,C001,66,17.77,108,USD,2023-05-09 02:00:00,erp_export_v1.csv
2023-05-08,S003,C002,75,17.43,99,USD,2023-05-09 02:00:00,erp_export_v1.csv
2023-05-08,S003,C003,63,19.63,122,USD,2023-05-09 02:00:00,erp_export_v1.csv
2023-05-08,S004,C001,53,15.24,77,USD,2023-05-09 02:00:00,erp_export_v1.csv
2023-05-08,S004,C002,97,15.54,126,USD,2023-05-09 02:00:00,erp_export_v1.csv
2023-05-08,S004,C003,100,15.47,136,USD,2023-05-09 02:00:00,erp_export_v1.csv
2023-05-08,S005,C001,74,7.28,131,USD,2023-05-09 02:00:00,erp_export_v1.csv
2023-05-08,S005,C002,98,7.25,152,USD,2023-05-09 02:00:00,erp_export_v1.csv
2023-05-08,S005,C003,96,7.28,135,USD,2023-05-09 02:00:00,erp_export_v1.csv
2023-05-15,S001,C001,30,12.29,61,USD,2023-05-16 02:00:00,erp_export_v1.csv
2023-05-15,S001,C002,37,12.52,58,USD,2023-05-16 02:00:00,erp_export_v1.csv
2023-05-15,S001,C003,50,12.62,73,USD,2023-05-16 02:00:00,erp_export_v1.csv
2023-05-15,S002,C001,44,24.24,90,USD,2023-05-16 02:00:00,erp_export_v1.csv
2023-05-15,S002,C002,59,24.38,82,USD,2023-05-16 02:00:00,erp_export_v1.csv
2023-05-15,S002,C003,56,23.99,77,USD,2023-05-16 02:00:00,erp_export_v1.csv
2023-05-15,S003,C001,40,19.79,83,USD,2023-05-16 02:00:00,erp_export_v1.csv
2023-05-15,S003,C002,68,17.35,120,USD,2023-05-16 02:00:00,erp_export_v1.csv
2023-05-15,S003,C003,63,19.26,116,USD,2023-05-16 02:00:00,erp_export_v1.csv
2023-05-15,S004,C001,87,15.37,132,USD,2023-05-16 02:00:00,erp_export_v1.csv
2023-05-15,S004,C002,76,15.08,127,USD,2023-05-16 02:00:00,erp_export_v1.csv
2023-05-15,S004,C003,103,14.97,156,USD,2023-05-16 02:00:00,erp_export_v1.csv
2023-05-15,S005,C001,71,7.2,107,USD,2023-05-16 02:00:00,erp_export_v1.csv
2023-05-15,S005,C002,79,8.06,113,USD,2023-05-16 02:00:00,erp_export_v1.csv
2023-05-15,S005,C003,101,7.33,144,USD,2023-05-16 02:00:00,erp_export_v1.csv
2023-05-22,S001,C001,34,12.62,76,USD,2023-05-23 02:00:00,erp_export_v1.csv
2023-05-22,S001,C002,41,12.69,100,USD,2023-05-23 02:00:00,erp_export_v1.csv
2023-05-22,S001,C003,48,12.38,92,USD,2023-05-23 02:00:00,erp_export_v1.csv
2023-05-22,S002,C001,51,23.83,107,USD,2023-05-23 02:00:00,erp_export_v1.csv
2023-05-22,S002,C002,41,23.68,77,USD,2023-05-23 02:00:00,erp_export_v1.csv
2023-05-22,S002,C003,60,23.56,89,USD,2023-05-23 02:00:00,erp_export_v1.csv
2023-05-22,S003,C001,63,19.74,107,USD,2023-05-23 02:00:00,erp_export_v1.csv
2023-05-22,S003,C002,82,19.44,122,USD,2023-05-23 02:00:00,erp_export_v1.csv
2023-05-22,S003,C003,60,19.38,99,USD,2023-05-23 02:00:00,erp_export_v1.csv
2023-05-22,S004,C001,56,16.8,101,USD,2023-05-23 02:00:00,erp_export_v1.csv
2023-05-22,S004,C002,87,15.27,133,USD,2023-05-23 02:00:00,erp_export_v1.csv
2023-05-22,S004,C003,90,17.0,138,USD,2023-05-23 02:00:00,erp_export_v1.csv
2023-05-22,S005,C001,70,8.22,118,USD,2023-05-23 02:00:00,erp_export_v1.csv
2023-05-22,S005,C002,80,8.26,104,USD,2023-05-23 02:00:00,erp_export_v1.csv
2023-05-22,S005,C003,97,8.03,139,USD,2023-05-23 02:00:00,erp_export_v1.csv
2023-05-29,S001,C001,34,12.71,92,USD,2023-05-30 02:00:00,erp_export_v1.csv
2023-05-29,S001,C002,35,12.26,62,USD,2023-05-30 02:00:00,erp_export_v1.csv
2023-05-29,S001,C003,42,12.65,82,USD,2023-05-30 02:00:00,erp_export_v1.csv
2023-05-29,S002,C001,40,23.73,61,USD,2023-05-30 02:00:00,erp_export_v1.csv
2023-05-29,S002,C002,39,24.05,95,USD,2023-05-30 02:00:00,erp_export_v1.csv
2023-05-29,S002,C003,37,23.56,58,USD,2023-05-30 02:00:00,erp_export_v1.csv
2023-05-29,S003,C001,42,19.32,64,USD,2023-05-30 02:00:00,erp_export_v1.csv
2023-05-29,S003,C002,61,19.68,93,USD,2023-05-30 02:00:00,erp_export_v1.csv
2023-05-29,S003,C003,49,19.78,80,USD,2023-05-30 02:00:00,erp_export_v1.csv
2023-05-29,S004,C001,55,16.65,82,USD,2023-05-30 02:00:00,erp_export_v1.csv
2023-05-29,S004,C002,54,17.14,98,USD,2023-05-30 02:00:00,erp_export_v1.csv
2023-05-29,S004,C003,70,16.64,101,USD,2023-05-30 02:00:00,erp_export_v1.csv
2023-05-29,S005,C001,47,8.23,100,USD,2023-05-30 02:00:00,erp_export_v1.csv
2023-05-29,S005,C002,73,8.15,121,USD,2023-05-30 02:00:00,erp_export_v1.csv
2023-05-29,S005,C003,75,8.05,113,USD,2023-05-30 02:00:00,erp_export_v1.csv
2023-06-05,S001,C001,32,12.59,63,USD,2023-06-06 02:00:00,erp_export_v1.csv
2023-06-05,S001,C002,42,12.32,65,USD,2023-06-06 02:00:00,erp_export_v1.csv
2023-06-05,S001,C003,44,12.38,78,USD,2023-06-06 02:00:00,erp_export_v1.csv
2023-06-05,S002,C001,31,23.64,86,USD,2023-06-06 02:00:00,erp_export_v1.csv
2023-06-05,S002,C002,40,23.69,82,USD,2023-06-06 02:00:00,erp_export_v1.csv
2023-06-05,S002,C003,46,23.7,92,USD,2023-06-06 02:00:00,erp_export_v1.csv
2023-06-05,S003,C001,35,19.28,88,USD,2023-06-06 02:00:00,erp_export_v1.csv
2023-06-05,S003,C002,47,19.93,74,USD,2023-06-06 02:00:00,erp_export_v1.csv
2023-06-05,S003,C003,42,19.52,72,USD,2023-06-06 02:00:00,erp_export_v1.csv
2023-06-05,S004,C001,47,17.19,71,USD,2023-06-06 02:00:00,erp_export_v1.csv
2023-06-05,S004,C002,53,16.93,81,USD,2023-06-06 02:00:00,erp_export_v1.csv
2023-06-05,S004,C003,82,16.64,121,USD,2023-06-06 02:00:00,erp_export_v1.csv
2023-06-05,S005,C001,48,8.03,84,USD,2023-06-06 02:00:00,erp_export_v1.csv
2023-06-05,S005,C002,67,8.19,111,USD,2023-06-06 02:00:00,erp_export_v1.csv
2023-06-05,S005,C003,76,8.02,111,USD,2023-06-06 02:00:00,erp_export_v1.csv
2023-06-12,S001,C001,30,12.67,87,USD,2023-06-13 02:00:00,erp_export_v1.csv
2023-06-12,S001,C002,40,12.61,75,USD,2023-06-13 02:00:00,erp_export_v1.csv
2023-06-12,S001,C003,52,12.61,96,USD,2023-06-13 02:00:00,erp_export_v1.csv
2023-06-12,S002,C001,32,24.01,59,USD,2023-06-13 02:00:00,erp_export_v1.csv
2023-06-12,S002,C002,38,23.78,78,USD,2023-06-13 02:00:00,erp_export_v1.csv
2023-06-12,S002,C003,49,23.91,83,USD,2023-06-13 02:00:00,erp_export_v1.csv
2023-06-12,S003,C001,46,19.76,70,USD,2023-06-13 02:00:00,erp_export_v1.csv
2023-06-12,S003,C002,40,19.91,70,USD,2023-06-13 02:00:00,erp_export_v1.csv
2023-06-12,S003,C003,62,19.79,95,USD,2023-06-13 02:00:00,erp_export_v1.csv
2023-06-12,S004,C001,45,16.74,70,USD,2023-06-13 02:00:00,erp_export_v1.csv
2023-06-12,S004,C002,46,17.09,85,USD,2023-06-13 02:00:00,erp_export_v1.csv
2023-06-12,S004,C003,70,16.84,113,USD,2023-06-13 02:00:00,erp_export_v1.csv
2023-06-12,S005,C001,36,8.01,87,USD,2023-06-13 02:00:00,erp_export_v1.csv
2023-06-12,S005,C002,53,8.26,106,USD,2023-06-13 02:00:00,erp_export_v1.csv
2023-06-12,S005,C003,65,7.98,92,USD,2023-06-13 02:00:00,erp_export_v1.csv
2023-06-19,S001,C001,18,12.28,64,USD,2023-06-20 02:00:00,erp_export_v1.csv
2023-06-19,S001,C002,24,12.4,71,USD,2023-06-20 02:00:00,erp_export_v1.csv
2023-06-19,S001,C003,42,11.26,84,USD,2023-06-20 02:00:00,erp_export_v1.csv
2023-06-19,S002,C001,25,24.22,46,USD,2023-06-20 02:00:00,erp_export_v1.csv
2023-06-19,S002,C002,35,24.46,93,USD,2023-06-20 02:00:00,erp_export_v1.csv
2023-06-19,S002,C003,54,24.07,97,USD,2023-06-20 02:00:00,erp_export_v1.csv
2023-06-19,S003,C001,42,19.45,99,USD,2023-06-20 02:00:00,erp_export_v1.csv
2023-06-19,S003,C002,55,17.74,112,USD,2023-06-20 02:00:00,erp_export_v1.csv
2023-06-19,S003,C003,80,17.6,121,USD,2023-06-20 02:00:00,erp_export_v1.csv
2023-06-19,S004,C001,53,15.57,85,USD,2023-06-20 02:00:00,erp_export_v1.csv
2023-06-19,S004,C002,44,17.19,95,USD,2023-06-20 02:00:00,erp_export_v1.csv
2023-06-19,S004,C003,61,16.92,115,USD,2023-06-20 02:00:00,erp_export_v1.csv
2023-06-19,S005,C001,32,8.2,52,USD,2023-06-20 02:00:00,erp_export_v1.csv
2023-06-19,S005,C002,54,8.03,94,USD,2023-06-20 02:00:00,erp_export_v1.csv
2023-06-19,S005,C003,58,8.01,90,USD,2023-06-20 02:00:00,erp_export_v1.csv
2023-06-26,S001,C001,39,11.05,77,USD,2023-06-27 02:00:00,erp_export_v1.csv
2023-06-26,S001,C002,39,12.32,85,USD,2023-06-27 02:00:00,erp_export_v1.csv
2023-06-26,S001,C003,56,11.31,78,USD,2023-06-27 02:00:00,erp_export_v1.csv
2023-06-26,S002,C001,43,21.69,82,USD,2023-06-27 02:00:00,erp_export_v1.csv
2023-06-26,S002,C002,38,24.09,92,USD,2023-06-27 02:00:00,erp_export_v1.csv
2023-06-26,S002,C003,41,24.34,84,USD,2023-06-27 02:00:00,erp_export_v1.csv
2023-06-26,S003,C001,44,17.67,69,USD,2023-06-27 02:00:00,erp_export_v1.csv
2023-06-26,S003,C002,51,17.96,104,USD,2023-06-27 02:00:00,erp_export_v1.csv
2023-06-26,S003,C003,60,17.56,107,USD,2023-06-27 02:00:00,erp_export_v1.csv
2023-06-26,S004,C001,62,15.42,85,USD,2023-06-27 02:00:00,erp_export_v1.csv
2023-06-26,S004,C002,61,16.87,85,USD,2023-06-27 02:00:00,erp_export_v1.csv
2023-06-26,S004,C003,74,15.56,122,USD,2023-06-27 02:00:00,erp_export_v1.csv
2023-06-26,S005,C001,34,7.96,58,USD,2023-06-27 02:00:00,erp_export_v1.csv
2023-06-26,S005,C002,84,7.34,114,USD,2023-06-27 02:00:00,erp_export_v1.csv
2023-06-26,S005,C003,61,8.12,92,USD,2023-06-27 02:00:00,erp_export_v1.csv
2023-07-03,S001,C001,35,11.41,71,USD,2023-07-04 02:00:00,erp_export_v1.csv
2023-07-03,S001,C002,33,12.25,72,USD,2023-07-04 02:00:00,erp_export_v1.csv
2023-07-03,S001,C003,33,12.71,60,USD,2023-07-04 02:00:00,erp_export_v1.csv
2023-07-03,S002,C001,34,21.68,61,USD,2023-07-04 02:00:00,erp_export_v1.csv
2023-07-03,S002,C002,40,21.36,76,USD,2023-07-04 02:00:00,erp_export_v1.csv
2023-07-03,S002,C003,39,23.92,64,USD,2023-07-04 02:00:00,erp_export_v1.csv
2023-07-03,S003,C001,65,17.95,97,USD,2023-07-04 02:00:00,erp_export_v1.csv
2023-07-03,S003,C002,46,20.0,99,USD,2023-07-04 02:00:00,erp_export_v1.csv
2023-07-03,S003,C003,64,17.91,120,USD,2023-07-04 02:00:00,erp_export_v1.csv
2023-07-03,S004,C001,43,17.26,81,USD,2023-07-04 02:00:00,erp_export_v1.csv
2023-07-03,S004,C002,51,15.18,73,USD,2023-07-04 02:00:00,erp_export_v1.csv
2023-07-03,S004,C003,82,15.48,131,USD,2023-07-04 02:00:00,erp_export_v1.csv
2023-07-03,S005,C001,45,8.11,100,USD,2023-07-04 02:00:00,erp_export_v1.csv
2023-07-03,S005,C002,69,7.19,99,USD,2023-07-04 02:00:00,erp_export_v1.csv
2023-07-03,S005,C003,75,8.13,131,USD,2023-07-04 02:00:00,erp_export_v1.csv
2023-07-10,S001,C001,37,11.05,95,USD,2023-07-11 02:00:00,erp_export_v1.csv
2023-07-10,S001,C002,37,12.61,84,USD,2023-07-11 02:00:00,erp_export_v1.csv
2023-07-10,S001,C003,25,12.47,82,USD,2023-07-11 02:00:00,erp_export_v1.csv
2023-07-10,S002,C001,28,24.12,73,USD,2023-07-11 02:00:00,erp_export_v1.csv
2023-07-10,S002,C002,52,21.46,95,USD,2023-07-11 02:00:00,erp_export_v1.csv
2023-07-10,S002,C003,45,24.03,80,USD,2023-07-11 02:00:00,erp_export_v1.csv
2023-07-10,S003,C001,54,17.66,102,USD,2023-07-11 02:00:00,erp_export_v1.csv
2023-07-10,S003,C002,46,19.62,97,USD,2023-07-11 02:00:00,erp_export_v1.csv
2023-07-10,S003,C003,51,19.57,86,USD,2023-07-11 02:00:00,erp_export_v1.csv
2023-07-10,S004,C001,45,17.17,83,USD,2023-07-11 02:00:00,erp_export_v1.csv
2023-07-10,S004,C002,55,15.33,104,USD,2023-07-11 02:00:00,erp_export_v1.csv
2023-07-10,S004,C003,56,15.15,89,USD,2023-07-11 02:00:00,erp_export_v1.csv
2023-07-10,S005,C001,40,8.17,87,USD,2023-07-11 02:00:00,erp_export_v1.csv
2023-07-10,S005,C002,44,8.18,88,USD,2023-07-11 02:00:00,erp_export_v1.csv
2023-07-10,S005,C003,63,8.18,108,USD,2023-07-11 02:00:00,erp_export_v1.csv
2023-07-17,S001,C001,28,12.3,50,USD,2023-07-18 02:00:00,erp_export_v1.csv
2023-07-17,S001,C002,42,12.51,80,USD,2023-07-18 02:00:00,erp_export_v1.csv
2023-07-17,S001,C003,35,12.54,55,USD,2023-07-18 02:00:00,erp_export_v1.csv
2023-07-17,S002,C001,36,24.12,95,USD,2023-07-18 02:00:00,erp_export_v1.csv
2023-07-17,S002,C002,59,21.52,106,USD,2023-07-18 02:00:00,erp_export_v1.csv
2023-07-17,S002,C003,45,24.12,102,USD,2023-07-18 02:00:00,erp_export_v1.csv
2023-07-17,S003,C001,51,19.77,110,USD,2023-07-18 02:00:00,erp_export_v1.csv
2023-07-17,S003,C002,45,19.61,81,USD,2023-07-18 02:00:00,erp_export_v1.csv
2023-07-17,S003,C003,61,19.69,102,USD,2023-07-18 02:00:00,erp_export_v1.csv
2023-07-17,S004,C001,55,16.83,81,USD,2023-07-18 02:00:00,erp_export_v1.csv
2023-07-17,S004,C002,63,17.26,95,USD,2023-07-18 02:00:00,erp_export_v1.csv
2023-07-17,S004,C003,69,17.25,91,USD,2023-07-18 02:00:00,erp_export_v1.csv
2023-07-17,S005,C001,49,8.14,100,USD,2023-07-18 02:00:00,erp_export_v1.csv
2023-07-17,S005,C002,66,8.01,92,USD,2023-07-18 02:00:00,erp_export_v1.csv
2023-07-17,S005,C003,84,7.97,112,USD,2023-07-18 02:00:00,erp_export_v1.csv
2023-07-24,S001,C001,19,12.53,58,USD,2023-07-27 04:00:00,erp_export_v1.csv
2023-07-24,S001,C002,35,12.4,78,USD,2023-07-27 04:00:00,erp_export_v1.csv
2023-07-24,S001,C003,35,12.67,66,USD,2023-07-27 04:00:00,erp_export_v1.csv
2023-07-24,S002,C001,28,24.42,55,USD,2023-07-27 04:00:00,erp_export_v1.csv
2023-07-24,S002,C002,39,24.4,85,USD,2023-07-25 02:00:00,erp_export_v1.csv
2023-07-24,S002,C003,34,23.79,58,USD,2023-07-25 02:00:00,erp_export_v1.csv
2023-07-24,S003,C001,32,19.94,70,USD,2023-07-27 04:00:00,erp_export_v1.csv
2023-07-24,S003,C002,31,19.85,72,USD,2023-07-27 04:00:00,erp_export_v1.csv
2023-07-24,S003,C003,35,19.56,62,USD,2023-07-27 04:00:00,erp_export_v1.csv
2023-07-24,S004,C001,33,17.1,81,USD,2023-07-25 02:00:00,erp_export_v1.csv
2023-07-24,S004,C002,49,16.98,95,USD,2023-07-27 04:00:00,erp_export_v1.csv
2023-07-24,S004,C003,53,16.68,107,USD,2023-07-27 04:00:00,erp_export_v1.csv
2023-07-24,S005,C001,28,7.98,75,USD,2023-07-25 02:00:00,erp_export_v1.csv
2023-07-24,S005,C002,50,8.19,91,USD,2023-07-25 02:00:00,erp_export_v1.csv
2023-07-24,S005,C003,54,8.17,83,USD,2023-07-27 04:00:00,erp_export_v1.csv
2023-07-31,S001,C001,15,12.56,35,USD,2023-08-03 04:00:00,erp_export_v1.csv
2023-07-31,S001,C002,26,12.41,71,USD,2023-08-03 04:00:00,erp_export_v1.csv
2023-07-31,S001,C003,35,12.36,82,USD,2023-08-03 04:00:00,erp_export_v1.csv
2023-07-31,S002,C001,28,23.89,56,USD,2023-08-03 04:00:00,erp_export_v1.csv
2023-07-31,S002,C002,40,24.04,71,USD,2023-08-03 04:00:00,erp_export_v1.csv
2023-07-31,S002,C003,39,24.1,89,USD,2023-08-03 04:00:00,erp_export_v1.csv
2023-07-31,S003,C001,37,19.37,69,USD,2023-08-03 04:00:00,erp_export_v1.csv
2023-07-31,S003,C002,38,19.86,85,USD,2023-08-03 04:00:00,erp_export_v1.csv
2023-07-31,S003,C003,40,19.63,82,USD,2023-08-03 04:00:00,erp_export_v1.csv
2023-07-31,S004,C001,34,16.88,91,USD,2023-08-03 04:00:00,erp_export_v1.csv
2023-07-31,S004,C002,42,16.88,70,USD,2023-08-03 04:00:00,erp_export_v1.csv
2023-07-31,S004,C003,54,17.22,79,USD,2023-08-03 04:00:00,erp_export_v1.csv
2023-07-31,S005,C001,48,8.03,76,USD,2023-08-03 04:00:00,erp_export_v1.csv
2023-07-31,S005,C002,48,8.27,87,USD,2023-08-03 04:00:00,erp_export_v1.csv
2023-07-31,S005,C003,59,8.06,93,USD,2023-08-03 04:00:00,erp_export_v1.csv
2023-08-07,S001,C001,23,12.44,67,USD,2023-08-10 04:00:00,erp_export_v1.csv
2023-08-07,S001,C002,21,12.28,73,USD,2023-08-10 04:00:00,erp_export_v1.csv
2023-08-07,S001,C003,27,12.27,58,USD,2023-08-10 04:00:00,erp_export_v1.csv
2023-08-07,S002,C001,24,24.43,65,USD,2023-08-10 04:00:00,erp_export_v1.csv
2023-08-07,S002,C002,31,24.18,62,USD,2023-08-10 04:00:00,erp_export_v1.csv
2023-08-07,S002,C003,44,23.65,95,USD,2023-08-10 04:00:00,erp_export_v1.csv
2023-08-07,S003,C001,35,19.78,81,USD,2023-08-10 04:00:00,erp_export_v1.csv
2023-08-07,S003,C002,46,19.75,89,USD,2023-08-10 04:00:00,erp_export_v1.csv
2023-08-07,S003,C003,38,19.76,96,USD,2023-08-10 04:00:00,erp_export_v1.csv
2023-08-07,S004,C001,23,17.08,52,USD,2023-08-10 04:00:00,erp_export_v1.csv
2023-08-07,S004,C002,34,16.86,81,USD,2023-08-10 04:00:00,erp_export_v1.csv
2023-08-07,S004,C003,41,16.75,100,USD,2023-08-10 04:00:00,erp_export_v1.csv
2023-08-07,S005,C001,35,8.0,58,USD,2023-08-10 04:00:00,erp_export_v1.csv
2023-08-07,S005,C002,49,8.01,83,USD,2023-08-10 04:00:00,erp_export_v1.csv
2023-08-07,S005,C003,46,8.2,97,USD,2023-08-10 04:00:00,erp_export_v1.csv
2023-08-14,S001,C001,34,11.45,85,USD,2023-08-17 04:00:00,erp_export_v1.csv
2023-08-14,S001,C002,20,12.41,57,USD,2023-08-17 04:00:00,erp_export_v1.csv
2023-08-14,S001,C003,39,11.46,59,USD,2023-08-17 04:00:00,erp_export_v1.csv
2023-08-14,S002,C001,32,23.76,77,USD,2023-08-17 04:00:00,erp_export_v1.csv
2023-08-14,S002,C002,29,24.25,54,USD,2023-08-17 04:00:00,erp_export_v1.csv
2023-08-14,S002,C003,45,21.45,91,USD,2023-08-17 04:00:00,erp_export_v1.csv
2023-08-14,S003,C001,43,17.95,93,USD,2023-08-17 04:00:00,erp_export_v1.csv
2023-08-14,S003,C002,53,17.69,99,USD,2023-08-17 04:00:00,erp_export_v1.csv
2023-08-14,S003,C003,41,19.41,100,USD,2023-08-17 04:00:00,erp_export_v1.csv
2023-08-14,S004,C001,49,15.3,76,USD,2023-08-17 04:00:00,erp_export_v1.csv
2023-08-14,S004,C002,49,16.65,89,USD,2023-08-17 04:00:00,erp_export_v1.csv
2023-08-14,S004,C003,39,17.2,75,USD,2023-08-17 04:00:00,erp_export_v1.csv
2023-08-14,S005,C001,42,8.13,71,USD,2023-08-17 04:00:00,erp_export_v1.csv
2023-08-14,S005,C002,51,8.27,73,USD,2023-08-17 04:00:00,erp_export_v1.csv
2023-08-14,S005,C003,47,8.01,72,USD,2023-08-17 04:00:00,erp_export_v1.csv
2023-08-21,S001,C001,27,11.04,67,USD,2023-08-22 02:00:00,erp_export_v1.csv
2023-08-21,S001,C002,36,11.3,77,USD,2023-08-22 02:00:00,erp_export_v1.csv
2023-08-21,S001,C003,32,11.18,72,USD,2023-08-22 02:00:00,erp_export_v1.csv
2023-08-21,S002,C001,29,24.41,88,USD,2023-08-22 02:00:00,erp_export_v1.csv
2023-08-21,S002,C002,40,21.42,92,USD,2023-08-22 02:00:00,erp_export_v1.csv
2023-08-21,S002,C003,43,21.85,77,USD,2023-08-22 02:00:00,erp_export_v1.csv
2023-08-21,S003,C001,44,17.56,93,USD,2023-08-22 02:00:00,erp_export_v1.csv
2023-08-21,S003,C002,39,17.61,71,USD,2023-08-22 02:00:00,erp_export_v1.csv
2023-08-21,S003,C003,34,19.28,80,USD,2023-08-22 02:00:00,erp_export_v1.csv
2023-08-21,S004,C001,43,14.98,88,USD,2023-08-22 02:00:00,erp_export_v1.csv
2023-08-21,S004,C002,36,17.06,93,USD,2023-08-22 02:00:00,erp_export_v1.csv
2023-08-21,S004,C003,52,15.14,75,USD,2023-08-22 02:00:00,erp_export_v1.csv
2023-08-21,S005,C001,54,7.45,86,USD,2023-08-22 02:00:00,erp_export_v1.csv
2023-08-21,S005,C002,51,8.23,72,USD,2023-08-22 02:00:00,erp_export_v1.csv
2023-08-21,S005,C003,49,8.16,105,USD,2023-08-22 02:00:00,erp_export_v1.csv
2023-08-28,S001,C001,26,11.33,76,USD,2023-08-29 02:00:00,erp_export_v1.csv
2023-08-28,S001,C002,35,11.4,81,USD,2023-08-29 02:00:00,erp_export_v1.csv
2023-08-28,S001,C003,41,11.42,76,USD,2023-08-29 02:00:00,erp_export_v1.csv
2023-08-28,S002,C001,24,24.24,53,USD,2023-08-29 02:00:00,erp_export_v1.csv
2023-08-28,S002,C002,38,21.7,74,USD,2023-08-29 02:00:00,erp_export_v1.csv
2023-08-28,S002,C003,40,23.84,87,USD,2023-08-29 02:00:00,erp_export_v1.csv
2023-08-28,S003,C001,35,19.68,67,USD,2023-08-29 02:00:00,erp_export_v1.csv
2023-08-28,S003,C002,59,17.68,85,USD,2023-08-29 02:00:00,erp_export_v1.csv
2023-08-28,S003,C003,33,19.69,83,USD,2023-08-29 02:00:00,erp_export_v1.csv
2023-08-28,S004,C001,32,15.29,66,USD,2023-08-29 02:00:00,erp_export_v1.csv
2023-08-28,S004,C002,35,17.07,91,USD,2023-08-29 02:00:00,erp_export_v1.csv
2023-08-28,S004,C003,64,15.33,85,USD,2023-08-29 02:00:00,erp_export_v1.csv
2023-08-28,S005,C001,48,7.4,101,USD,2023-08-29 02:00:00,erp_export_v1.csv
2023-08-28,S005,C002,52,8.15,111,USD,2023-08-29 02:00:00,erp_export_v1.csv
2023-08-28,S005,C003,43,8.23,75,USD,2023-08-29 02:00:00,erp_export_v1.csv
2023-09-04,S001,C001,17,12.7,46,USD,2023-09-05 02:00:00,erp_export_v1.csv
2023-09-04,S001,C002,24,12.58,45,USD,2023-09-05 02:00:00,erp_export_v1.csv
2023-09-04,S001,C003,24,12.4,69,USD,2023-09-05 02:00:00,erp_export_v1.csv
2023-09-04,S002,C001,27,23.85,71,USD,2023-09-05 02:00:00,erp_export_v1.csv
2023-09-04,S002,C002,25,24.26,48,USD,2023-09-05 02:00:00,erp_export_v1.csv
2023-09-04,S002,C003,27,24.05,86,USD,2023-09-05 02:00:00,erp_export_v1.csv
2023-09-04,S003,C001,26,19.47,72,USD,2023-09-05 02:00:00,erp_export_v1.csv
2023-09-04,S003,C002,29,19.84,83,USD,2023-09-05 02:00:00,erp_export_v1.csv
2023-09-04,S003,C003,30,19.35,72,USD,2023-09-05 02:00:00,erp_export_v1.csv
2023-09-04,S004,C001,30,17.15,55,USD,2023-09-05 02:00:00,erp_export_v1.csv
2023-09-04,S004,C002,41,16.97,71,USD,2023-09-05 02:00:00,erp_export_v1.csv
2023-09-04,S004,C003,48,15.28,73,USD,2023-09-05 02:00:00,erp_export_v1.csv
2023-09-04,S005,C001,36,7.43,64,USD,2023-09-05 02:00:00,erp_export_v1.csv
2023-09-04,S005,C002,42,7.98,87,USD,2023-09-05 02:00:00,erp_export_v1.csv
2023-09-04,S005,C003,38,8.21,61,USD,2023-09-05 02:00:00,erp_export_v1.csv
2023-09-11,S001,C001,22,12.38,69,USD,2023-09-12 02:00:00,erp_export_v1.csv
2023-09-11,S001,C002,24,12.58,49,USD,2023-09-12 02:00:00,erp_export_v1.csv
2023-09-11,S001,C003,30,12.52,63,USD,2023-09-12 02:00:00,erp_export_v1.csv
2023-09-11,S002,C001,27,24.41,70,USD,2023-09-12 02:00:00,erp_export_v1.csv
2023-09-11,S002,C002,39,24.49,66,USD,2023-09-12 02:00:00,erp_export_v1.csv
2023-09-11,S002,C003,48,24.31,98,USD,2023-09-12 02:00:00,erp_export_v1.csv
2023-09-11,S003,C001,28,19.67,82,USD,2023-09-12 02:00:00,erp_export_v1.csv
2023-09-11,S003,C002,26,19.46,62,USD,2023-09-12 02:00:00,erp_export_v1.csv
2023-09-11,S003,C003,41,19.3,88,USD,2023-09-12 02:00:00,erp_export_v1.csv
2023-09-11,S004,C001,41,16.98,81,USD,2023-09-12 02:00:00,erp_export_v1.csv
2023-09-11,S004,C002,46,17.03,72,USD,2023-09-12 02:00:00,erp_export_v1.csv
2023-09-11,S004,C003,55,17.08,80,USD,2023-09-12 02:00:00,erp_export_v1.csv
2023-09-11,S005,C001,39,8.1,83,USD,2023-09-12 02:00:00,erp_export_v1.csv
2023-09-11,S005,C002,38,8.24,73,USD,2023-09-12 02:00:00,erp_export_v1.csv
2023-09-11,S005,C003,66,8.06,97,USD,2023-09-12 02:00:00,erp_export_v1.csv
2023-09-18,S001,C001,20,12.35,67,USD,2023-09-19 02:00:00,erp_export_v1.csv
2023-09-18,S001,C002,27,12.66,69,USD,2023-09-19 02:00:00,erp_export_v1.csv
2023-09-18,S001,C003,23,12.65,69,USD,2023-09-19 02:00:00,erp_export_v1.csv
2023-09-18,S002,C001,23,23.56,75,USD,2023-09-19 02:00:00,erp_export_v1.csv
2023-09-18,S002,C002,32,24.34,83,USD,2023-09-19 02:00:00,erp_export_v1.csv
2023-09-18,S002,C003,28,23.9,72,USD,2023-09-19 02:00:00,erp_export_v1.csv
2023-09-18,S003,C001,19,19.26,70,USD,2023-09-19 02:00:00,erp_export_v1.csv
2023-09-18,S003,C002,35,19.69,81,USD,2023-09-19 02:00:00,erp_export_v1.csv
2023-09-18,S003,C003,36,19.25,61,USD,2023-09-19 02:00:00,erp_export_v1.csv
2023-09-18,S004,C001,23,17.07,57,USD,2023-09-19 02:00:00,erp_export_v1.csv
2023-09-18,S004,C002,22,17.26,56,USD,2023-09-19 02:00:00,erp_export_v1.csv
2023-09-18,S004,C003,46,16.76,88,USD,2023-09-19 02:00:00,erp_export_v1.csv
2023-09-18,S005,C001,26,8.26,77,USD,2023-09-19 02:00:00,erp_export_v1.csv
2023-09-18,S005,C002,43,8.12,89,USD,2023-09-19 02:00:00,erp_export_v1.csv
2023-09-18,S005,C003,43,7.97,71,USD,2023-09-19 02:00:00,erp_export_v1.csv
2023-09-25,S001,C001,18,12.65,65,USD,2023-09-26 02:00:00,erp_export_v1.csv
2023-09-25,S001,C002,13,12.67,70,USD,2023-09-26 02:00:00,erp_export_v1.csv
2023-09-25,S001,C003,30,12.34,55,USD,2023-09-26 02:00:00,erp_export_v1.csv
2023-09-25,S002,C001,20,24.14,67,USD,2023-09-26 02:00:00,erp_export_v1.csv
2023-09-25,S002,C002,22,23.78,46,USD,2023-09-26 02:00:00,erp_export_v1.csv
2023-09-25,S002,C003,28,23.66,79,USD,2023-09-26 02:00:00,erp_export_v1.csv
2023-09-25,S003,C001,31,19.39,87,USD,2023-09-26 02:00:00,erp_export_v1.csv
2023-09-25,S003,C002,29,19.96,74,USD,2023-09-26 02:00:00,erp_export_v1.csv
2023-09-25,S003,C003,45,19.32,75,USD,2023-09-26 02:00:00,erp_export_v1.csv
2023-09-25,S004,C001,26,16.96,72,USD,2023-09-26 02:00:00,erp_export_v1.csv
2023-09-25,S004,C002,30,16.64,50,USD,2023-09-26 02:00:00,erp_export_v1.csv
2023-09-25,S004,C003,55,16.66,101,USD,2023-09-26 02:00:00,erp_export_v1.csv
2023-09-25,S005,C001,32,8.28,83,USD,2023-09-26 02:00:00,erp_export_v1.csv
2023-09-25,S005,C002,43,8.22,97,USD,2023-09-26 02:00:00,erp_export_v1.csv
2023-09-25,S005,C003,46,8.08,100,USD,2023-09-26 02:00:00,erp_export_v1.csv
2023-10-02,S001,C001,15,12.28,40,USD,2023-10-03 02:00:00,erp_export_v1.csv
2023-10-02,S001,C002,19,12.62,52,USD,2023-10-03 02:00:00,erp_export_v1.csv
2023-10-02,S001,C003,28,12.45,81,USD,2023-10-03 02:00:00,erp_export_v1.csv
2023-10-02,S002,C001,17,24.47,56,USD,2023-10-03 02:00:00,erp_export_v1.csv
2023-10-02,S002,C002,26,24.42,61,USD,2023-10-03 02:00:00,erp_export_v1.csv
2023-10-02,S002,C003,29,24.37,83,USD,2023-10-03 02:00:00,erp_export_v1.csv
2023-10-02,S003,C001,28,19.48,64,USD,2023-10-03 02:00:00,erp_export_v1.csv
2023-10-02,S003,C002,39,19.64,69,USD,2023-10-03 02:00:00,erp_export_v1.csv
2023-10-02,S003,C003,29,19.32,66,USD,2023-10-03 02:00:00,erp_export_v1.csv
2023-10-02,S004,C001,38,17.02,93,USD,2023-10-03 02:00:00,erp_export_v1.csv
2023-10-02,S004,C002,45,16.98,74,USD,2023-10-03 02:00:00,erp_export_v1.csv
2023-10-02,S004,C003,54,17.15,106,USD,2023-10-03 02:00:00,erp_export_v1.csv
2023-10-02,S005,C001,29,8.04,66,USD,2023-10-03 02:00:00,erp_export_v1.csv
2023-10-02,S005,C002,33,8.18,83,USD,2023-10-03 02:00:00,erp_export_v1.csv
2023-10-02,S005,C003,49,8.26,72,USD,2023-10-03 02:00:00,erp_export_v1.csv
2023-10-09,S001,C001,35,11.29,56,USD,2023-10-10 02:00:00,erp_export_v1.csv
2023-10-09,S001,C002,29,12.64,61,USD,2023-10-10 02:00:00,erp_export_v1.csv
2023-10-09,S001,C003,24,12.57,61,USD,2023-10-10 02:00:00,erp_export_v1.csv
2023-10-09,S002,C001,20,24.49,46,USD,2023-10-10 02:00:00,erp_export_v1.csv
2023-10-09,S002,C002,26,24.15,57,USD,2023-10-10 02:00:00,erp_export_v1.csv
2023-10-09,S002,C003,38,23.84,58,USD,2023-10-10 02:00:00,erp_export_v1.csv
2023-10-09,S003,C001,30,19.62,71,USD,2023-10-10 02:00:00,erp_export_v1.csv
2023-10-09,S003,C002,35,20.0,76,USD,2023-10-10 02:00:00,erp_export_v1.csv
2023-10-09,S003,C003,39,19.35,93,USD,2023-10-10 02:00:00,erp_export_v1.csv
2023-10-09,S004,C001,32,17.29,77,USD,2023-10-10 02:00:00,erp_export_v1.csv
2023-10-09,S004,C002,47,17.12,86,USD,2023-10-10 02:00:00,erp_export_v1.csv
2023-10-09,S004,C003,40,16.95,88,USD,2023-10-10 02:00:00,erp_export_v1.csv
2023-10-09,S005,C001,35,8.28,94,USD,2023-10-10 02:00:00,erp_export_v1.csv
2023-10-09,S005,C002,61,7.26,119,USD,2023-10-10 02:00:00,erp_export_v1.csv
2023-10-09,S005,C003,64,7.35,120,USD,2023-10-10 02:00:00,erp_export_v1.csv
2023-10-16,S001,C001,25,11.2,45,USD,2023-10-17 02:00:00,erp_export_v1.csv
2023-10-16,S001,C002,29,12.68,75,USD,2023-10-17 02:00:00,erp_export_v1.csv
2023-10-16,S001,C003,41,11.12,75,USD,2023-10-17 02:00:00,erp_export_v1.csv
2023-10-16,S002,C001,23,24.25,61,USD,2023-10-17 02:00:00,erp_export_v1.csv
2023-10-16,S002,C002,31,23.73,80,USD,2023-10-17 02:00:00,erp_export_v1.csv
2023-10-16,S002,C003,29,24.18,77,USD,2023-10-17 02:00:00,erp_export_v1.csv
2023-10-16,S003,C001,27,19.93,75,USD,2023-10-17 02:00:00,erp_export_v1.csv
2023-10-16,S003,C002,38,19.99,62,USD,2023-10-17 02:00:00,erp_export_v1.csv
2023-10-16,S003,C003,45,19.26,98,USD,2023-10-17 02:00:00,erp_export_v1.csv
2023-10-16,S004,C001,22,17.09,51,USD,2023-10-17 02:00:00,erp_export_v1.csv
2023-10-16,S004,C002,46,14.97,77,USD,2023-10-17 02:00:00,erp_export_v1.csv
2023-10-16,S004,C003,38,16.76,91,USD,2023-10-17 02:00:00,erp_export_v1.csv
2023-10-16,S005,C001,45,7.18,86,USD,2023-10-17 02:00:00,erp_export_v1.csv
2023-10-16,S005,C002,52,7.36,101,USD,2023-10-17 02:00:00,erp_export_v1.csv
2023-10-16,S005,C003,76,7.4,133,USD,2023-10-17 02:00:00,erp_export_v1.csv
2023-10-23,S001,C001,23,11.19,69,USD,2023-10-24 02:00:00,erp_export_v1.csv
2023-10-23,S001,C002,23,12.46,80,USD,2023-10-24 02:00:00,erp_export_v1.csv
2023-10-23,S001,C003,38,11.18,93,USD,2023-10-24 02:00:00,erp_export_v1.csv
2023-10-23,S002,C001,20,24.13,68,USD,2023-10-24 02:00:00,erp_export_v1.csv
2023-10-23,S002,C002,39,21.43,65,USD,2023-10-24 02:00:00,erp_export_v1.csv
2023-10-23,S002,C003,34,24.24,58,USD,2023-10-24 02:00:00,erp_export_v1.csv
2023-10-23,S003,C001,25,19.71,56,USD,2023-10-24 02:00:00,erp_export_v1.csv
2023-10-23,S003,C002,46,17.62,77,USD,2023-10-24 02:00:00,erp_export_v1.csv
2023-10-23,S003,C003,45,19.88,83,USD,2023-10-24 02:00:00,erp_export_v1.csv
2023-10-23,S004,C001,46,15.15,101,USD,2023-10-24 02:00:00,erp_export_v1.csv
2023-10-23,S004,C002,43,15.29,83,USD,2023-10-24 02:00:00,erp_export_v1.csv
2023-10-23,S004,C003,40,17.14,91,USD,2023-10-24 02:00:00,erp_export_v1.csv
2023-10-23,S005,C001,50,7.32,82,USD,2023-10-24 02:00:00,erp_export_v1.csv
2023-10-23,S005,C002,50,7.39,76,USD,2023-10-24 02:00:00,erp_export_v1.csv
2023-10-23,S005,C003,58,7.23,87,USD,2023-10-24 02:00:00,erp_export_v1.csv
2023-10-30,S001,C001,20,12.26,40,USD,2023-10-31 02:00:00,erp_export_v1.csv
2023-10-30,S001,C002,18,12.3,56,USD,2023-10-31 02:00:00,erp_export_v1.csv
2023-10-30,S001,C003,22,11.21,48,USD,2023-10-31 02:00:00,erp_export_v1.csv
2023-10-30,S002,C001,22,23.59,55,USD,2023-10-31 02:00:00,erp_export_v1.csv
2023-10-30,S002,C002,22,21.72,56,USD,2023-10-31 02:00:00,erp_export_v1.csv
2023-10-30,S002,C003,33,24.2,61,USD,2023-10-31 02:00:00,erp_export_v1.csv
2023-10-30,S003,C001,24,19.85,66,USD,2023-10-31 02:00:00,erp_export_v1.csv
2023-10-30,S003,C002,48,17.57,74,USD,2023-10-31 02:00:00,erp_export_v1.csv
2023-10-30,S003,C003,39,19.45,77,USD,2023-10-31 02:00:00,erp_export_v1.csv
2023-10-30,S004,C001,39,15.47,71,USD,2023-10-31 02:00:00,erp_export_v1.csv
2023-10-30,S004,C002,54,15.5,105,USD,2023-10-31 02:00:00,erp_export_v1.csv
2023-10-30,S004,C003,49,17.09,74,USD,2023-10-31 02:00:00,erp_export_v1.csv
2023-10-30,S005,C001,27,8.19,73,USD,2023-10-31 02:00:00,erp_export_v1.csv
2023-10-30,S005,C002,35,8.11,92,USD,2023-10-31 02:00:00,erp_export_v1.csv
2023-10-30,S005,C003,51,8.27,82,USD,2023-10-31 02:00:00,erp_export_v1.csv
2023-11-06,S001,C001,27,12.61,49,USD,2023-11-07 02:00:00,erp_export_v1.csv
2023-11-06,S001,C002,28,12.61,73,USD,2023-11-07 02:00:00,erp_export_v1.csv
2023-11-06,S001,C003,30,12.42,62,USD,2023-11-07 02:00:00,erp_export_v1.csv
2023-11-06,S002,C001,33,24.04,82,USD,2023-11-07 02:00:00,erp_export_v1.csv
2023-11-06,S002,C002,28,24.27,56,USD,2023-11-07 02:00:00,erp_export_v1.csv
2023-11-06,S002,C003,47,24.49,93,USD,2023-11-07 02:00:00,erp_export_v1.csv
2023-11-06,S003,C001,33,20.03,69,USD,2023-11-07 02:00:00,erp_export_v1.csv
2023-11-06,S003,C002,48,19.85,90,USD,2023-11-07 02:00:00,erp_export_v1.csv
2023-11-06,S003,C003,40,19.87,77,USD,2023-11-07 02:00:00,erp_export_v1.csv
2023-11-06,S004,C001,55,15.51,83,USD,2023-11-07 02:00:00,erp_export_v1.csv
2023-11-06,S004,C002,49,16.81,84,USD,2023-11-07 02:00:00,erp_export_v1.csv
2023-11-06,S004,C003,51,17.04,106,USD,2023-11-07 02:00:00,erp_export_v1.csv
2023-11-06,S005,C001,36,8.09,92,USD,2023-11-07 02:00:00,erp_export_v1.csv
2023-11-06,S005,C002,67,8.1,106,USD,2023-11-07 02:00:00,erp_export_v1.csv
2023-11-06,S005,C003,55,8.17,92,USD,2023-11-07 02:00:00,erp_export_v1.csv
2023-11-13,S001,C001,21,12.71,50,USD,2023-11-14 02:00:00,erp_export_v1.csv
2023-11-13,S001,C002,38,12.59,60,USD,2023-11-14 02:00:00,erp_export_v1.csv
2023-11-13,S001,C003,29,12.38,63,USD,2023-11-14 02:00:00,erp_export_v1.csv
2023-11-13,S002,C001,25,23.7,73,USD,2023-11-14 02:00:00,erp_export_v1.csv
2023-11-13,S002,C002,33,24.12,92,USD,2023-11-14 02:00:00,erp_export_v1.csv
2023-11-13,S002,C003,36,23.55,77,USD,2023-11-14 02:00:00,erp_export_v1.csv
2023-11-13,S003,C001,28,19.48,79,USD,2023-11-14 02:00:00,erp_export_v1.csv
2023-11-13,S003,C002,33,19.41,81,USD,2023-11-14 02:00:00,erp_export_v1.csv
2023-11-13,S003,C003,36,19.71,61,USD,2023-11-14 02:00:00,erp_export_v1.csv
2023-11-13,S004,C001,37,16.75,64,USD,2023-11-14 02:00:00,erp_export_v1.csv
2023-11-13,S004,C002,47,16.9,101,USD,2023-11-14 02:00:00,erp_export_v1.csv
2023-11-13,S004,C003,46,16.92,77,USD,2023-11-14 02:00:00,erp_export_v1.csv
2023-11-13,S005,C001,38,8.05,76,USD,2023-11-14 02:00:00,erp_export_v1.csv
2023-11-13,S005,C002,62,8.05,121,USD,2023-11-14 02:00:00,erp_export_v1.csv
2023-11-13,S005,C003,56,8.17,109,USD,2023-11-14 02:00:00,erp_export_v1.csv
2023-11-20,S001,C001,19,12.34,39,USD,2023-11-21 02:00:00,erp_export_v1.csv
2023-11-20,S001,C002,28,12.65,66,USD,2023-11-21 02:00:00,erp_export_v1.csv
2023-11-20,S001,C003,27,12.32,74,USD,2023-11-21 02:00:00,erp_export_v1.csv
2023-11-20,S002,C001,16,23.79,54,USD,2023-11-21 02:00:00,erp_export_v1.csv
2023-11-20,S002,C002,28,23.8,51,USD,2023-11-21 02:00:00,erp_export_v1.csv
2023-11-20,S002,C003,31,24.29,69,USD,2023-11-21 02:00:00,erp_export_v1.csv
2023-11-20,S003,C001,20,19.76,66,USD,2023-11-21 02:00:00,erp_export_v1.csv
2023-11-20,S003,C002,30,19.71,77,USD,2023-11-21 02:00:00,erp_export_v1.csv
2023-11-20,S003,C003,43,19.32,72,USD,2023-11-21 02:00:00,erp_export_v1.csv
2023-11-20,S004,C001,38,16.8,61,USD,2023-11-21 02:00:00,erp_export_v1.csv
2023-11-20,S004,C002,37,17.17,79,USD,2023-11-21 02:00:00,erp_export_v1.csv
2023-11-20,S004,C003,48,16.88,94,USD,2023-11-21 02:00:00,erp_export_v1.csv
2023-11-20,S005,C001,30,8.15,74,USD,2023-11-21 02:00:00,erp_export_v1.csv
2023-11-20,S005,C002,38,8.03,67,USD,2023-11-21 02:00:00,erp_export_v1.csv
2023-11-20,S005,C003,58,8.16,92,USD,2023-11-21 02:00:00,erp_export_v1.csv
2023-11-27,S001,C001,32,12.35,91,USD,2023-11-28 02:00:00,erp_export_v1.csv
2023-11-27,S001,C002,33,12.59,88,USD,2023-11-28 02:00:00,erp_export_v1.csv
2023-11-27,S001,C003,39,12.35,90,USD,2023-11-28 02:00:00,erp_export_v1.csv
2023-11-27,S002,C001,28,23.55,75,USD,2023-11-28 02:00:00,erp_export_v1.csv
2023-11-27,S002,C002,29,23.86,51,USD,2023-11-28 02:00:00,erp_export_v1.csv
2023-11-27,S002,C003,31,24.03,76,USD,2023-11-28 02:00:00,erp_export_v1.csv
2023-11-27,S003,C001,29,19.5,86,USD,2023-11-28 02:00:00,erp_export_v1.csv
2023-11-27,S003,C002,39,19.48,93,USD,2023-11-28 02:00:00,erp_export_v1.csv
2023-11-27,S003,C003,43,19.47,71,USD,2023-11-28 02:00:00,erp_export_v1.csv
2023-11-27,S004,C001,30,16.92,59,USD,2023-11-28 02:00:00,erp_export_v1.csv
2023-11-27,S004,C002,46,17.05,94,USD,2023-11-28 02:00:00,erp_export_v1.csv
2023-11-27,S004,C003,53,16.95,74,USD,2023-11-28 02:00:00,erp_export_v1.csv
2023-11-27,S005,C001,44,8.11,79,USD,2023-11-28 02:00:00,erp_export_v1.csv
2023-11-27,S005,C002,41,8.18,92,USD,2023-11-28 02:00:00,erp_export_v1.csv
2023-11-27,S005,C003,50,8.03,103,USD,2023-11-28 02:00:00,erp_export_v1.csv
2023-12-04,S001,C001,24,12.3,69,USD,2023-12-05 02:00:00,erp_export_v1.csv
2023-12-04,S001,C002,19,12.25,63,USD,2023-12-05 02:00:00,erp_export_v1.csv
2023-12-04,S001,C003,51,11.12,94,USD,2023-12-05 02:00:00,erp_export_v1.csv
2023-12-04,S002,C001,25,23.77,67,USD,2023-12-05 02:00:00,erp_export_v1.csv
2023-12-04,S002,C002,34,24.2,72,USD,2023-12-05 02:00:00,erp_export_v1.csv
2023-12-04,S002,C003,34,24.27,72,USD,2023-12-05 02:00:00,erp_export_v1.csv
2023-12-04,S003,C001,26,19.27,70,USD,2023-12-05 02:00:00,erp_export_v1.csv
2023-12-04,S003,C002,38,19.88,97,USD,2023-12-05 02:00:00,erp_export_v1.csv
2023-12-04,S003,C003,46,19.93,74,USD,2023-12-05 02:00:00,erp_export_v1.csv
2023-12-04,S004,C001,42,16.73,66,USD,2023-12-05 02:00:00,erp_export_v1.csv
2023-12-04,S004,C002,42,17.12,84,USD,2023-12-05 02:00:00,erp_export_v1.csv
2023-12-04,S004,C003,48,16.91,92,USD,2023-12-05 02:00:00,erp_export_v1.csv
2023-12-04,S005,C001,47,8.24,70,USD,2023-12-05 02:00:00,erp_export_v1.csv
2023-12-04,S005,C002,59,7.98,102,USD,2023-12-05 02:00:00,erp_export_v1.csv
2023-12-04,S005,C003,56,8.07,102,USD,2023-12-05 02:00:00,erp_export_v1.csv
2023-12-11,S001,C001,23,12.66,54,USD,2023-12-12 02:00:00,erp_export_v1.csv
2023-12-11,S001,C002,34,12.35,67,USD,2023-12-12 02:00:00,erp_export_v1.csv
2023-12-11,S001,C003,64,11.16,85,USD,2023-12-12 02:00:00,erp_export_v1.csv
2023-12-11,S002,C001,31,23.63,87,USD,2023-12-12 02:00:00,erp_export_v1.csv
2023-12-11,S002,C002,46,21.24,99,USD,2023-12-12 02:00:00,erp_export_v1.csv
2023-12-11,S002,C003,52,21.22,98,USD,2023-12-12 02:00:00,erp_export_v1.csv
2023-12-11,S003,C001,48,17.66,94,USD,2023-12-12 02:00:00,erp_export_v1.csv
2023-12-11,S003,C002,45,19.9,98,USD,2023-12-12 02:00:00,erp_export_v1.csv
2023-12-11,S003,C003,41,19.51,65,USD,2023-12-12 02:00:00,erp_export_v1.csv
2023-12-11,S004,C001,30,17.22,70,USD,2023-12-12 02:00:00,erp_export_v1.csv
2023-12-11,S004,C002,43,17.22,99,USD,2023-12-12 02:00:00,erp_export_v1.csv
2023-12-11,S004,C003,75,15.39,127,USD,2023-12-12 02:00:00,erp_export_v1.csv
2023-12-11,S005,C001,45,7.4,89,USD,2023-12-12 02:00:00,erp_export_v1.csv
2023-12-11,S005,C002,42,8.11,72,USD,2023-12-12 02:00:00,erp_export_v1.csv
2023-12-11,S005,C003,69,8.18,114,USD,2023-12-12 02:00:00,erp_export_v1.csv
2023-12-18,S001,C001,34,11.21,90,USD,2023-12-19 02:00:00,erp_export_v1.csv
2023-12-18,S001,C002,33,12.69,60,USD,2023-12-19 02:00:00,erp_export_v1.csv
2023-12-18,S001,C003,57,11.3,111,USD,2023-12-19 02:00:00,erp_export_v1.csv
2023-12-18,S002,C001,33,21.38,86,USD,2023-12-19 02:00:00,erp_export_v1.csv
2023-12-18,S002,C002,54,21.22,75,USD,2023-12-19 02:00:00,erp_export_v1.csv
2023-12-18,S002,C003,69,21.41,94,USD,2023-12-19 02:00:00,erp_export_v1.csv
2023-12-18,S003,C001,66,17.94,93,USD,2023-12-19 02:00:00,erp_export_v1.csv
2023-12-18,S003,C002,65,17.52,107,USD,2023-12-19 02:00:00,erp_export_v1.csv
2023-12-18,S003,C003,63,17.79,84,USD,2023-12-19 02:00:00,erp_export_v1.csv
2023-12-18,S004,C001,29,17.07,76,USD,2023-12-19 02:00:00,erp_export_v1.csv
2023-12-18,S004,C002,68,15.07,120,USD,2023-12-19 02:00:00,erp_export_v1.csv
2023-12-18,S004,C003,84,15.19,141,USD,2023-12-19 02:00:00,erp_export_v1.csv
2023-12-18,S005,C001,60,7.34,106,USD,2023-12-19 02:00:00,erp_export_v1.csv
2023-12-18,S005,C002,72,7.2,129,USD,2023-12-19 02:00:00,erp_export_v1.csv
2023-12-18,S005,C003,63,8.09,91,USD,2023-12-19 02:00:00,erp_export_v1.csv
2023-12-25,S001,C001,36,11.11,93,USD,2023-12-26 02:00:00,erp_export_v1.csv
2023-12-25,S001,C002,38,12.41,73,USD,2023-12-26 02:00:00,erp_export_v1.csv
2023-12-25,S001,C003,26,12.26,74,USD,2023-12-26 02:00:00,erp_export_v1.csv
2023-12-25,S002,C001,43,22.01,99,USD,2023-12-26 02:00:00,erp_export_v1.csv
2023-12-25,S002,C002,40,23.73,93,USD,2023-12-26 02:00:00,erp_export_v1.csv
2023-12-25,S002,C003,37,24.12,57,USD,2023-12-26 02:00:00,erp_export_v1.csv
2023-12-25,S003,C001,53,17.42,96,USD,2023-12-26 02:00:00,erp_export_v1.csv
2023-12-25,S003,C002,71,17.71,96,USD,2023-12-26 02:00:00,erp_export_v1.csv
2023-12-25,S003,C003,75,17.84,125,USD,2023-12-26 02:00:00,erp_export_v1.csv
2023-12-25,S004,C001,34,16.8,66,USD,2023-12-26 02:00:00,erp_export_v1.csv
2023-12-25,S004,C002,62,15.41,95,USD,2023-12-26 02:00:00,erp_export_v1.csv
2023-12-25,S004,C003,49,16.77,101,USD,2023-12-26 02:00:00,erp_export_v1.csv
2023-12-25,S005,C001,49,8.13,104,USD,2023-12-26 02:00:00,erp_export_v1.csv
2023-12-25,S005,C002,81,7.25,123,USD,2023-12-26 02:00:00,erp_export_v1.csv
2023-12-25,S005,C003,65,8.26,124,USD,2023-12-26 02:00:00,erp_export_v1.csv
2024-01-01,S001,C001,35,12.52,88,USD,2024-01-02 02:00:00,erp_export_v1.csv
2024-01-01,S001,C002,34,12.26,88,USD,2024-01-02 02:00:00,erp_export_v1.csv
2024-01-01,S001,C003,44,12.69,86,USD,2024-01-02 02:00:00,erp_export_v1.csv
2024-01-01,S002,C001,31,23.84,68,USD,2024-01-02 02:00:00,erp_export_v1.csv
2024-01-01,S002,C002,42,24.42,88,USD,2024-01-02 02:00:00,erp_export_v1.csv
2024-01-01,S002,C003,42,24.49,73,USD,2024-01-02 02:00:00,erp_export_v1.csv
2024-01-01,S003,C001,58,19.87,102,USD,2024-01-02 02:00:00,erp_export_v1.csv
2024-01-01,S003,C002,49,19.49,71,USD,2024-01-02 02:00:00,erp_export_v1.csv
2024-01-01,S003,C003,75,17.55,103,USD,2024-01-02 02:00:00,erp_export_v1.csv
2024-01-01,S004,C001,54,17.3,108,USD,2024-01-02 02:00:00,erp_export_v1.csv
2024-01-01,S004,C002,72,15.32,125,USD,2024-01-02 02:00:00,erp_export_v1.csv
2024-01-01,S004,C003,62,17.26,111,USD,2024-01-02 02:00:00,erp_export_v1.csv
2024-01-01,S005,C001,56,8.01,81,USD,2024-01-02 02:00:00,erp_export_v1.csv
2024-01-01,S005,C002,79,7.25,132,USD,2024-01-02 02:00:00,erp_export_v1.csv
2024-01-01,S005,C003,87,8.08,146,USD,2024-01-02 02:00:00,erp_export_v1.csv
2024-01-08,S001,C001,25,12.63,74,USD,2024-01-09 02:00:00,erp_export_v1.csv
2024-01-08,S001,C002,28,12.53,68,USD,2024-01-09 02:00:00,erp_export_v1.csv
2024-01-08,S001,C003,45,12.66,68,USD,2024-01-09 02:00:00,erp_export_v1.csv
2024-01-08,S002,C001,27,23.7,82,USD,2024-01-09 02:00:00,erp_export_v1.csv
2024-01-08,S002,C002,46,23.74,78,USD,2024-01-09 02:00:00,erp_export_v1.csv
2024-01-08,S002,C003,50,23.87,106,USD,2024-01-09 02:00:00,erp_export_v1.csv
2024-01-08,S003,C001,40,19.69,81,USD,2024-01-09 02:00:00,erp_export_v1.csv
2024-01-08,S003,C002,55,19.4,86,USD,2024-01-09 02:00:00,erp_export_v1.csv
2024-01-08,S003,C003,44,19.96,76,USD,2024-01-09 02:00:00,erp_export_v1.csv
2024-01-08,S004,C001,45,16.93,103,USD,2024-01-09 02:00:00,erp_export_v1.csv
2024-01-08,S004,C002,53,16.8,91,USD,2024-01-09 02:00:00,erp_export_v1.csv
2024-01-08,S004,C003,54,17.0,102,USD,2024-01-09 02:00:00,erp_export_v1.csv
2024-01-08,S005,C001,46,8.19,89,USD,2024-01-09 02:00:00,erp_export_v1.csv
2024-01-08,S005,C002,58,8.14,89,USD,2024-01-09 02:00:00,erp_export_v1.csv
2024-01-08,S005,C003,64,8.24,109,USD,2024-01-09 02:00:00,erp_export_v1.csv
2024-01-15,S001,C001,30,12.71,53,USD,2024-01-16 02:00:00,erp_export_v1.csv
2024-01-15,S001,C002,35,12.29,63,USD,2024-01-16 02:00:00,erp_export_v1.csv
2024-01-15,S001,C003,45,12.46,79,USD,2024-01-16 02:00:00,erp_export_v1.csv
2024-01-15,S002,C001,36,24.4,60,USD,2024-01-16 02:00:00,erp_export_v1.csv
2024-01-15,S002,C002,42,24.15,83,USD,2024-01-16 02:00:00,erp_export_v1.csv
2024-01-15,S002,C003,52,24.18,82,USD,2024-01-16 02:00:00,erp_export_v1.csv
2024-01-15,S003,C001,41,19.87,71,USD,2024-01-16 02:00:00,erp_export_v1.csv
2024-01-15,S003,C002,41,19.83,65,USD,2024-01-16 02:00:00,erp_export_v1.csv
2024-01-15,S003,C003,48,19.53,76,USD,2024-01-16 02:00:00,erp_export_v1.csv
2024-01-15,S004,C001,50,16.86,88,USD,2024-01-16 02:00:00,erp_export_v1.csv
2024-01-15,S004,C002,50,17.02,78,USD,2024-01-16 02:00:00,erp_export_v1.csv
2024-01-15,S004,C003,64,16.76,103,USD,2024-01-16 02:00:00,erp_export_v1.csv
2024-01-15,S005,C001,44,8.17,103,USD,2024-01-16 02:00:00,erp_export_v1.csv
2024-01-15,S005,C002,56,8.23,92,USD,2024-01-16 02:00:00,erp_export_v1.csv
2024-01-15,S005,C003,73,8.24,96,USD,2024-01-16 02:00:00,erp_export_v1.csv
2024-01-22,S001,C001,28,12.62,67,USD,2024-01-23 02:00:00,erp_export_v1.csv
2024-01-22,S001,C002,38,12.68,58,USD,2024-01-23 02:00:00,erp_export_v1.csv
2024-01-22,S001,C003,40,12.39,79,USD,2024-01-23 02:00:00,erp_export_v1.csv
2024-01-22,S002,C001,32,23.89,74,USD,2024-01-23 02:00:00,erp_export_v1.csv
2024-01-22,S002,C002,35,24.36,64,USD,2024-01-23 02:00:00,erp_export_v1.csv
2024-01-22,S002,C003,62,23.82,109,USD,2024-01-23 02:00:00,erp_export_v1.csv
2024-01-22,S003,C001,40,19.56,90,USD,2024-01-23 02:00:00,erp_export_v1.csv
2024-01-22,S003,C002,55,19.95,111,USD,2024-01-23 02:00:00,erp_export_v1.csv
2024-01-22,S003,C003,63,19.57,105,USD,2024-01-23 02:00:00,erp_export_v1.csv
2024-01-22,S004,C001,49,17.25,104,USD,2024-01-23 02:00:00,erp_export_v1.csv
2024-01-22,S004,C002,54,17.0,83,USD,2024-01-23 02:00:00,erp_export_v1.csv
2024-01-22,S004,C003,79,16.88,127,USD,2024-01-23 02:00:00,erp_export_v1.csv
2024-01-22,S005,C001,45,8.01,84,USD,2024-01-23 02:00:00,erp_export_v1.csv
2024-01-22,S005,C002,62,8.14,119,USD,2024-01-23 02:00:00,erp_export_v1.csv
2024-01-22,S005,C003,91,8.11,113,USD,2024-01-23 02:00:00,erp_export_v1.csv
2024-01-29,S001,C001,30,12.56,60,USD,2024-01-30 02:00:00,erp_export_v1.csv
2024-01-29,S001,C002,35,12.41,83,USD,2024-01-30 02:00:00,erp_export_v1.csv
2024-01-29,S001,C003,50,11.27,80,USD,2024-01-30 02:00:00,erp_export_v1.csv
2024-01-29,S002,C001,33,23.88,87,USD,2024-01-30 02:00:00,erp_export_v1.csv
2024-01-29,S002,C002,45,23.6,96,USD,2024-01-30 02:00:00,erp_export_v1.csv
2024-01-29,S002,C003,64,23.65,111,USD,2024-01-30 02:00:00,erp_export_v1.csv
2024-01-29,S003,C001,62,17.86,119,USD,2024-01-30 02:00:00,erp_export_v1.csv
2024-01-29,S003,C002,55,19.39,110,USD,2024-01-30 02:00:00,erp_export_v1.csv
2024-01-29,S003,C003,62,19.31,110,USD,2024-01-30 02:00:00,erp_export_v1.csv
2024-01-29,S004,C001,37,16.76,64,USD,2024-01-30 02:00:00,erp_export_v1.csv
2024-01-29,S004,C002,56,16.77,109,USD,2024-01-30 02:00:00,erp_export_v1.csv
2024-01-29,S004,C003,86,15.42,114,USD,2024-01-30 02:00:00,erp_export_v1.csv
2024-01-29,S005,C001,52,8.12,74,USD,2024-01-30 02:00:00,erp_export_v1.csv
2024-01-29,S005,C002,74,8.24,111,USD,2024-01-30 02:00:00,erp_export_v1.csv
2024-01-29,S005,C003,81,8.24,112,USD,2024-01-30 02:00:00,erp_export_v1.csv
2024-02-05,S001,C001,21,12.3,71,USD,2024-02-06 02:00:00,erp_export_v1.csv
2024-02-05,S001,C002,36,12.56,62,USD,2024-02-06 02:00:00,erp_export_v1.csv
2024-02-05,S001,C003,63,11.16,99,USD,2024-02-06 02:00:00,erp_export_v1.csv
2024-02-05,S002,C001,50,23.66,79,USD,2024-02-06 02:00:00,erp_export_v1.csv
2024-02-05,S002,C002,45,23.76,88,USD,2024-02-06 02:00:00,erp_export_v1.csv
2024-02-05,S002,C003,54,24.31,102,USD,2024-02-06 02:00:00,erp_export_v1.csv
2024-02-05,S003,C001,71,17.85,107,USD,2024-02-06 02:00:00,erp_export_v1.csv
2024-02-05,S003,C002,50,19.77,100,USD,2024-02-06 02:00:00,erp_export_v1.csv
2024-02-05,S003,C003,56,19.85,100,USD,2024-02-06 02:00:00,erp_export_v1.csv
2024-02-05,S004,C001,47,17.05,79,USD,2024-02-06 02:00:00,erp_export_v1.csv
2024-02-05,S004,C002,57,17.06,89,USD,2024-02-06 02:00:00,erp_export_v1.csv
2024-02-05,S004,C003,88,15.1,126,USD,2024-02-06 02:00:00,erp_export_v1.csv
2024-02-05,S005,C001,41,8.14,64,USD,2024-02-06 02:00:00,erp_export_v1.csv
2024-02-05,S005,C002,77,7.28,128,USD,2024-02-06 02:00:00,erp_export_v1.csv
2024-02-05,S005,C003,79,8.24,129,USD,2024-02-06 02:00:00,erp_export_v1.csv
2024-02-12,S001,C001,41,11.1,64,USD,2024-02-13 02:00:00,erp_export_v1.csv
2024-02-12,S001,C002,30,12.63,52,USD,2024-02-13 02:00:00,erp_export_v1.csv
2024-02-12,S001,C003,49,12.58,74,USD,2024-02-13 02:00:00,erp_export_v1.csv
2024-02-12,S002,C001,38,24.0,74,USD,2024-02-13 02:00:00,erp_export_v1.csv
2024-02-12,S002,C002,57,21.28,99,USD,2024-02-13 02:00:00,erp_export_v1.csv
2024-02-12,S002,C003,50,23.69,99,USD,2024-02-13 02:00:00,erp_export_v1.csv
2024-02-12,S003,C001,48,17.34,89,USD,2024-02-13 02:00:00,erp_export_v1.csv
2024-02-12,S003,C002,59,19.46,87,USD,2024-02-13 02:00:00,erp_export_v1.csv
2024-02-12,S003,C003,73,17.36,94,USD,2024-02-13 02:00:00,erp_export_v1.csv
2024-02-12,S004,C001,69,15.46,115,USD,2024-02-13 02:00:00,erp_export_v1.csv
2024-02-12,S004,C002,66,17.26,124,USD,2024-02-13 02:00:00,erp_export_v1.csv
2024-02-12,S004,C003,80,15.39,127,USD,2024-02-13 02:00:00,erp_export_v1.csv
2024-02-12,S005,C001,41,8.15,79,USD,2024-02-13 02:00:00,erp_export_v1.csv
2024-02-12,S005,C002,80,7.44,136,USD,2024-02-13 02:00:00,erp_export_v1.csv
2024-02-12,S005,C003,99,7.18,141,USD,2024-02-13 02:00:00,erp_export_v1.csv
2024-02-19,S001,C001,41,11.23,89,USD,2024-02-20 02:00:00,erp_export_v1.csv
2024-02-19,S001,C002,41,12.49,83,USD,2024-02-20 02:00:00,erp_export_v1.csv
2024-02-19,S001,C003,44,12.43,74,USD,2024-02-20 02:00:00,erp_export_v1.csv
2024-02-19,S002,C001,34,24.14,92,USD,2024-02-20 02:00:00,erp_export_v1.csv
2024-02-19,S002,C002,69,21.31,122,USD,2024-02-20 02:00:00,erp_export_v1.csv
2024-02-19,S002,C003,55,23.64,103,USD,2024-02-20 02:00:00,erp_export_v1.csv
2024-02-19,S003,C001,39,19.86,91,USD,2024-02-20 02:00:00,erp_export_v1.csv
2024-02-19,S003,C002,49,19.63,85,USD,2024-02-20 02:00:00,erp_export_v1.csv
2024-02-19,S003,C003,90,17.58,144,USD,2024-02-20 02:00:00,erp_export_v1.csv
2024-02-19,S004,C001,74,15.33,96,USD,2024-02-20 02:00:00,erp_export_v1.csv
2024-02-19,S004,C002,53,16.77,77,USD,2024-02-20 02:00:00,erp_export_v1.csv
2024-02-19,S004,C003,76,16.76,128,USD,2024-02-20 02:00:00,erp_export_v1.csv
2024-02-19,S005,C001,53,8.12,91,USD,2024-02-20 02:00:00,erp_export_v1.csv
2024-02-19,S005,C002,70,8.12,103,USD,2024-02-20 02:00:00,erp_export_v1.csv
2024-02-19,S005,C003,104,7.41,153,USD,2024-02-20 02:00:00,erp_export_v1.csv
2024-02-26,S001,C001,49,11.17,90,USD,2024-02-27 02:00:00,erp_export_v1.csv
2024-02-26,S001,C002,48,12.24,79,USD,2024-02-27 02:00:00,erp_export_v1.csv
2024-02-26,S001,C003,57,12.74,88,USD,2024-02-27 02:00:00,erp_export_v1.csv
2024-02-26,S002,C001,43,23.93,88,USD,2024-02-27 02:00:00,erp_export_v1.csv
2024-02-26,S002,C002,50,23.58,81,USD,2024-02-27 02:00:00,erp_export_v1.csv
2024-02-26,S002,C003,81,24.48,138,USD,2024-02-27 02:00:00,erp_export_v1.csv
2024-02-26,S003,C001,58,19.52,110,USD,2024-02-27 02:00:00,erp_export_v1.csv
2024-02-26,S003,C002,72,19.81,112,USD,2024-02-27 02:00:00,erp_export_v1.csv
2024-02-26,S003,C003,79,19.83,117,USD,2024-02-27 02:00:00,erp_export_v1.csv
2024-02-26,S004,C001,90,15.17,115,USD,2024-02-27 02:00:00,erp_export_v1.csv
2024-02-26,S004,C002,87,17.16,145,USD,2024-02-27 02:00:00,erp_export_v1.csv
2024-02-26,S004,C003,108,17.15,130,USD,2024-02-27 02:00:00,erp_export_v1.csv
2024-02-26,S005,C001,57,8.21,114,USD,2024-02-27 02:00:00,erp_export_v1.csv
2024-02-26,S005,C002,94,8.14,138,USD,2024-02-27 02:00:00,erp_export_v1.csv
2024-02-26,S005,C003,108,8.12,147,USD,2024-02-27 02:00:00,erp_export_v1.csv
2024-03-04,S001,C001,24,12.47,69,USD,2024-03-05 02:00:00,erp_export_v1.csv
2024-03-04,S001,C002,42,12.36,62,USD,2024-03-05 02:00:00,erp_export_v1.csv
2024-03-04,S001,C003,50,12.3,78,USD,2024-03-05 02:00:00,erp_export_v1.csv
2024-03-04,S002,C001,41,23.79,71,USD,2024-03-05 02:00:00,erp_export_v1.csv
2024-03-04,S002,C002,46,23.71,94,USD,2024-03-05 02:00:00,erp_export_v1.csv
2024-03-04,S002,C003,54,23.95,111,USD,2024-03-05 02:00:00,erp_export_v1.csv
2024-03-04,S003,C001,55,19.5,112,USD,2024-03-05 02:00:00,erp_export_v1.csv
2024-03-04,S003,C002,58,19.8,113,USD,2024-03-05 02:00:00,erp_export_v1.csv
2024-03-04,S003,C003,64,19.66,99,USD,2024-03-05 02:00:00,erp_export_v1.csv
2024-03-04,S004,C001,38,16.88,92,USD,2024-03-05 02:00:00,erp_export_v1.csv
2024-03-04,S004,C002,63,17.17,107,USD,2024-03-05 02:00:00,erp_export_v1.csv
2024-03-04,S004,C003,74,16.88,129,USD,2024-03-05 02:00:00,erp_export_v1.csv
2024-03-04,S005,C001,53,8.13,108,USD,2024-03-05 02:00:00,erp_export_v1.csv
2024-03-04,S005,C002,79,8.0,126,USD,2024-03-05 02:00:00,erp_export_v1.csv
2024-03-04,S005,C003,93,8.03,116,USD,2024-03-05 02:00:00,erp_export_v1.csv
2024-03-11,S001,C001,43,12.41,89,USD,2024-03-12 02:00:00,erp_export_v1.csv
2024-03-11,S001,C002,40,12.55,73,USD,2024-03-12 02:00:00,erp_export_v1.csv
2024-03-11,S001,C003,41,12.35,83,USD,2024-03-12 02:00:00,erp_export_v1.csv
2024-03-11,S002,C001,48,24.31,105,USD,2024-03-12 02:00:00,erp_export_v1.csv
2024-03-11,S002,C002,33,24.21,75,USD,2024-03-12 02:00:00,erp_export_v1.csv
2024-03-11,S002,C003,56,24.23,92,USD,2024-03-12 02:00:00,erp_export_v1.csv
2024-03-11,S003,C001,49,19.88,102,USD,2024-03-12 02:00:00,erp_export_v1.csv
2024-03-11,S003,C002,49,19.32,74,USD,2024-03-12 02:00:00,erp_export_v1.csv
2024-03-11,S003,C003,75,19.87,129,USD,2024-03-12 02:00:00,erp_export_v1.csv
2024-03-11,S004,C001,60,16.67,115,USD,2024-03-12 02:00:00,erp_export_v1.csv
2024-03-11,S004,C002,70,17.23,121,USD,2024-03-12 02:00:00,erp_export_v1.csv
2024-03-11,S004,C003,94,17.13,129,USD,2024-03-12 02:00:00,erp_export_v1.csv
2024-03-11,S005,C001,51,8.03,98,USD,2024-03-12 02:00:00,erp_export_v1.csv
2024-03-11,S005,C002,64,8.12,117,USD,2024-03-12 02:00:00,erp_export_v1.csv
2024-03-11,S005,C003,83,7.96,134,USD,2024-03-12 02:00:00,erp_export_v1.csv
2024-03-18,S001,C001,37,12.68,73,USD,2024-03-19 02:00:00,erp_export_v1.csv
2024-03-18,S001,C002,43,12.34,75,USD,2024-03-19 02:00:00,erp_export_v1.csv
2024-03-18,S001,C003,47,12.33,91,USD,2024-03-19 02:00:00,erp_export_v1.csv
2024-03-18,S002,C001,29,24.01,60,USD,2024-03-19 02:00:00,erp_export_v1.csv
2024-03-18,S002,C002,51,23.86,99,USD,2024-03-19 02:00:00,erp_export_v1.csv
2024-03-18,S002,C003,76,23.99,102,USD,2024-03-19 02:00:00,erp_export_v1.csv
2024-03-18,S003,C001,64,19.95,92,USD,2024-03-19 02:00:00,erp_export_v1.csv
2024-03-18,S003,C002,71,19.82,107,USD,2024-03-19 02:00:00,erp_export_v1.csv
2024-03-18,S003,C003,77,20.0,103,USD,2024-03-19 02:00:00,erp_export_v1.csv
2024-03-18,S004,C001,61,16.91,110,USD,2024-03-19 02:00:00,erp_export_v1.csv
2024-03-18,S004,C002,72,17.14,120,USD,2024-03-19 02:00:00,erp_export_v1.csv
2024-03-18,S004,C003,76,16.67,111,USD,2024-03-19 02:00:00,erp_export_v1.csv
2024-03-18,S005,C001,77,8.09,100,USD,2024-03-19 02:00:00,erp_export_v1.csv
2024-03-18,S005,C002,88,8.14,115,USD,2024-03-19 02:00:00,erp_export_v1.csv
2024-03-18,S005,C003,87,8.25,116,USD,2024-03-19 02:00:00,erp_export_v1.csv
2024-03-25,S001,C001,31,12.61,65,USD,2024-03-26 02:00:00,erp_export_v1.csv
2024-03-25,S001,C002,42,12.26,69,USD,2024-03-26 02:00:00,erp_export_v1.csv
2024-03-25,S001,C003,55,12.59,104,USD,2024-03-26 02:00:00,erp_export_v1.csv
2024-03-25,S002,C001,36,23.66,86,USD,2024-03-26 02:00:00,erp_export_v1.csv
2024-03-25,S002,C002,63,23.65,91,USD,2024-03-26 02:00:00,erp_export_v1.csv
2024-03-25,S002,C003,59,24.36,111,USD,2024-03-26 02:00:00,erp_export_v1.csv
2024-03-25,S003,C001,81,17.71,112,USD,2024-03-26 02:00:00,erp_export_v1.csv
2024-03-25,S003,C002,52,17.42,77,USD,2024-03-26 02:00:00,erp_export_v1.csv
2024-03-25,S003,C003,81,19.89,118,USD,2024-03-26 02:00:00,erp_export_v1.csv
2024-03-25,S004,C001,54,16.87,85,USD,2024-03-26 02:00:00,erp_export_v1.csv
2024-03-25,S004,C002,100,15.26,126,USD,2024-03-26 02:00:00,erp_export_v1.csv
2024-03-25,S004,C003,77,16.87,112,USD,2024-03-26 02:00:00,erp_export_v1.csv
2024-03-25,S005,C001,62,8.18,95,USD,2024-03-26 02:00:00,erp_export_v1.csv
2024-03-25,S005,C002,97,7.24,126,USD,2024-03-26 02:00:00,erp_export_v1.csv
2024-03-25,S005,C003,80,8.19,120,USD,2024-03-26 02:00:00,erp_export_v1.csv
2024-04-01,S001,C001,35,12.36,82,USD,2024-04-02 02:00:00,erp_export_v1.csv
2024-04-01,S001,C002,36,11.17,76,USD,2024-04-02 02:00:00,erp_export_v1.csv
2024-04-01,S001,C003,38,12.57,91,USD,2024-04-02 02:00:00,erp_export_v1.csv
2024-04-01,S002,C001,50,24.11,76,USD,2024-04-02 02:00:00,erp_export_v1.csv
2024-04-01,S002,C002,58,24.29,92,USD,2024-04-02 02:00:00,erp_export_v1.csv
2024-04-01,S002,C003,48,23.69,84,USD,2024-04-02 02:00:00,erp_export_v1.csv
2024-04-01,S003,C001,77,17.89,103,USD,2024-04-02 02:00:00,erp_export_v1.csv
2024-04-01,S003,C002,75,17.93,106,USD,2024-04-02 02:00:00,erp_export_v1.csv
2024-04-01,S003,C003,64,19.93,96,USD,2024-04-02 02:00:00,erp_export_v1.csv
2024-04-01,S004,C001,53,17.29,77,USD,2024-04-02 02:00:00,erp_export_v1.csv
2024-04-01,S004,C002,89,15.49,123,USD,2024-04-02 02:00:00,erp_export_v1.csv
2024-04-01,S004,C003,78,16.78,123,USD,2024-04-02 02:00:00,erp_export_v1.csv
2024-04-01,S005,C001,69,8.27,93,USD,2024-04-02 02:00:00,erp_export_v1.csv
2024-04-01,S005,C002,98,7.32,148,USD,2024-04-02 02:00:00,erp_export_v1.csv
2024-04-01,S005,C003,73,8.05,113,USD,2024-04-02 02:00:00,erp_export_v1.csv
2024-04-08,S001,C001,44,11.35,77,USD,2024-04-09 02:00:00,erp_export_v1.csv
2024-04-08,S001,C002,55,11.19,83,USD,2024-04-09 02:00:00,erp_export_v1.csv
2024-04-08,S001,C003,36,12.65,77,USD,2024-04-09 02:00:00,erp_export_v1.csv
2024-04-08,S002,C001,43,23.92,64,USD,2024-04-09 02:00:00,erp_export_v1.csv
2024-04-08,S002,C002,85,21.5,116,USD,2024-04-09 02:00:00,erp_export_v1.csv
2024-04-08,S002,C003,61,23.74,87,USD,2024-04-09 02:00:00,erp_export_v1.csv
2024-04-08,S003,C001,70,17.74,111,USD,2024-04-09 02:00:00,erp_export_v1.csv
2024-04-08,S003,C002,84,17.71,120,USD,2024-04-09 02:00:00,erp_export_v1.csv
2024-04-08,S003,C003,79,19.46,104,USD,2024-04-09 02:00:00,erp_export_v1.csv
2024-04-08,S004,C001,61,16.8,110,USD,2024-04-09 02:00:00,erp_export_v1.csv
2024-04-08,S004,C002,89,15.2,148,USD,2024-04-09 02:00:00,erp_export_v1.csv
2024-04-08,S004,C003,70,17.14,109,USD,2024-04-09 02:00:00,erp_export_v1.csv
2024-04-08,S005,C001,55,8.07,87,USD,2024-04-09 02:00:00,erp_export_v1.csv
2024-04-08,S005,C002,104,7.45,154,USD,2024-04-09 02:00:00,erp_export_v1.csv
2024-04-08,S005,C003,128,7.18,178,USD,2024-04-09 02:00:00,erp_export_v1.csv
2024-04-15,S001,C001,39,11.33,81,USD,2024-04-16 02:00:00,erp_export_v1.csv
2024-04-15,S001,C002,48,12.65,88,USD,2024-04-16 02:00:00,erp_export_v1.csv
2024-04-15,S001,C003,43,12.7,80,USD,2024-04-16 02:00:00,erp_export_v1.csv
2024-04-15,S002,C001,34,23.61,89,USD,2024-04-16 02:00:00,erp_export_v1.csv
2024-04-15,S002,C002,72,21.21,120,USD,2024-04-16 02:00:00,erp_export_v1.csv
2024-04-15,S002,C003,60,24.08,103,USD,2024-04-16 02:00:00,erp_export_v1.csv
2024-04-15,S003,C001,48,19.66,81,USD,2024-04-16 02:00:00,erp_export_v1.csv
2024-04-15,S003,C002,56,19.86,79,USD,2024-04-16 02:00:00,erp_export_v1.csv
2024-04-15,S003,C003,73,19.64,116,USD,2024-04-16 02:00:00,erp_export_v1.csv
2024-04-15,S004,C001,56,16.69,114,USD,2024-04-16 02:00:00,erp_export_v1.csv
2024-04-15,S004,C002,59,16.96,118,USD,2024-04-16 02:00:00,erp_export_v1.csv
2024-04-15,S004,C003,76,17.24,128,USD,2024-04-16 02:00:00,erp_export_v1.csv
2024-04-15,S005,C001,67,8.15,92,USD,2024-04-16 02:00:00,erp_export_v1.csv
2024-04-15,S005,C002,67,8.04,108,USD,2024-04-16 02:00:00,erp_export_v1.csv
2024-04-15,S005,C003,116,7.3,154,USD,2024-04-16 02:00:00,erp_export_v1.csv
2024-04-22,S001,C001,58,11.06,115,USD,2024-04-23 02:00:00,erp_export_v1.csv
2024-04-22,S001,C002,48,12.68,80,USD,2024-04-23 02:00:00,erp_export_v1.csv
2024-04-22,S001,C003,43,12.53,80,USD,2024-04-23 02:00:00,erp_export_v1.csv
2024-04-22,S002,C001,58,24.33,88,USD,2024-04-23 02:00:00,erp_export_v1.csv
2024-04-22,S002,C002,59,24.21,88,USD,2024-04-23 02:00:00,erp_export_v1.csv
2024-04-22,S002,C003,81,23.61,127,USD,2024-04-23 02:00:00,erp_export_v1.csv
2024-04-22,S003,C001,47,19.44,79,USD,2024-04-23 02:00:00,erp_export_v1.csv
2024-04-22,S003,C002,70,19.91,129,USD,2024-04-23 02:00:00,erp_export_v1.csv
2024-04-22,S003,C003,77,19.49,124,USD,2024-04-23 02:00:00,erp_export_v1.csv
2024-04-22,S004,C001,80,16.97,133,USD,2024-04-23 02:00:00,erp_export_v1.csv
2024-04-22,S004,C002,110,17.07,147,USD,2024-04-23 02:00:00,erp_export_v1.csv
2024-04-22,S004,C003,103,16.93,148,USD,2024-04-23 02:00:00,erp_export_v1.csv
2024-04-22,S005,C001,78,8.26,132,USD,2024-04-23 02:00:00,erp_export_v1.csv
2024-04-22,S005,C002,101,8.15,140,USD,2024-04-23 02:00:00,erp_export_v1.csv
2024-04-22,S005,C003,158,7.38,210,USD,2024-04-23 02:00:00,erp_export_v1.csv
2024-04-29,S001,C001,35,12.37,91,USD,2024-04-30 02:00:00,erp_export_v1.csv
2024-04-29,S001,C002,44,12.47,64,USD,2024-04-30 02:00:00,erp_export_v1.csv
2024-04-29,S001,C003,56,12.71,87,USD,2024-04-30 02:00:00,erp_export_v1.csv
2024-04-29,S002,C001,38,23.82,92,USD,2024-04-30 02:00:00,erp_export_v1.csv
2024-04-29,S002,C002,40,24.37,96,USD,2024-04-30 02:00:00,erp_export_v1.csv
2024-04-29,S002,C003,59,23.7,107,USD,2024-04-30 02:00:00,erp_export_v1.csv
2024-04-29,S003,C001,47,19.51,102,USD,2024-04-30 02:00:00,erp_export_v1.csv
2024-04-29,S003,C002,65,19.91,88,USD,2024-04-30 02:00:00,erp_export_v1.csv
2024-04-29,S003,C003,63,19.84,90,USD,2024-04-30 02:00:00,erp_export_v1.csv
2024-04-29,S004,C001,40,16.78,61,USD,2024-04-30 02:00:00,erp_export_v1.csv
2024-04-29,S004,C002,63,16.92,111,USD,2024-04-30 02:00:00,erp_export_v1.csv
2024-04-29,S004,C003,77,16.67,105,USD,2024-04-30 02:00:00,erp_export_v1.csv
2024-04-29,S005,C001,60,8.23,116,USD,2024-04-30 02:00:00,erp_export_v1.csv
2024-04-29,S005,C002,71,8.04,91,USD,2024-04-30 02:00:00,erp_export_v1.csv
2024-04-29,S005,C003,88,8.28,117,USD,2024-04-30 02:00:00,erp_export_v1.csv
2024-05-06,S001,C001,28,12.66,69,USD,2024-05-07 02:00:00,erp_export_v1.csv
2024-05-06,S001,C002,38,12.68,69,USD,2024-05-07 02:00:00,erp_export_v1.csv
2024-05-06,S001,C003,44,12.24,89,USD,2024-05-07 02:00:00,erp_export_v1.csv
2024-05-06,S002,C001,55,24.45,96,USD,2024-05-07 02:00:00,erp_export_v1.csv
2024-05-06,S002,C002,64,23.82,104,USD,2024-05-07 02:00:00,erp_export_v1.csv
2024-05-06,S002,C003,47,23.95,70,USD,2024-05-07 02:00:00,erp_export_v1.csv
2024-05-06,S003,C001,52,19.59,103,USD,2024-05-07 02:00:00,erp_export_v1.csv
2024-05-06,S003,C002,58,19.8,110,USD,2024-05-07 02:00:00,erp_export_v1.csv
2024-05-06,S003,C003,77,19.86,103,USD,2024-05-07 02:00:00,erp_export_v1.csv
2024-05-06,S004,C001,51,16.79,71,USD,2024-05-07 02:00:00,erp_export_v1.csv
2024-05-06,S004,C002,66,16.78,99,USD,2024-05-07 02:00:00,erp_export_v1.csv
2024-05-06,S004,C003,72,16.89,93,USD,2024-05-07 02:00:00,erp_export_v1.csv
2024-05-06,S005,C001,60,8.26,115,USD,2024-05-07 02:00:00,erp_export_v1.csv
2024-05-06,S005,C002,69,8.12,115,USD,2024-05-07 02:00:00,erp_export_v1.csv
2024-05-06,S005,C003,85,8.21,131,USD,2024-05-07 02:00:00,erp_export_v1.csv
2024-05-13,S001,C001,30,12.69,69,USD,2024-05-14 02:00:00,erp_export_v1.csv
2024-05-13,S001,C002,43,12.6,90,USD,2024-05-14 02:00:00,erp_export_v1.csv
2024-05-13,S001,C003,42,12.38,68,USD,2024-05-14 02:00:00,erp_export_v1.csv
2024-05-13,S002,C001,44,23.56,83,USD,2024-05-14 02:00:00,erp_export_v1.csv
2024-05-13,S002,C002,47,24.49,83,USD,2024-05-14 02:00:00,erp_export_v1.csv
2024-05-13,S002,C003,58,23.84,116,USD,2024-05-14 02:00:00,erp_export_v1.csv
2024-05-13,S003,C001,46,19.81,87,USD,2024-05-14 02:00:00,erp_export_v1.csv
2024-05-13,S003,C002,77,19.64,123,USD,2024-05-14 02:00:00,erp_export_v1.csv
2024-05-13,S003,C003,55,19.83,78,USD,2024-05-14 02:00:00,erp_export_v1.csv
2024-05-13,S004,C001,49,16.93,72,USD,2024-05-14 02:00:00,erp_export_v1.csv
2024-05-13,S004,C002,61,16.88,91,USD,2024-05-14 02:00:00,erp_export_v1.csv
2024-05-13,S004,C003,64,17.04,95,USD,2024-05-14 02:00:00,erp_export_v1.csv
2024-05-13,S005,C001,50,8.19,104,USD,2024-05-14 02:00:00,erp_export_v1.csv
2024-05-13,S005,C002,50,8.03,95,USD,2024-05-14 02:00:00,erp_export_v1.csv
2024-05-13,S005,C003,87,8.27,129,USD,2024-05-14 02:00:00,erp_export_v1.csv
2024-05-20,S001,C001,32,12.56,69,USD,2024-05-21 02:00:00,erp_export_v1.csv
2024-05-20,S001,C002,46,12.56,88,USD,2024-05-21 02:00:00,erp_export_v1.csv
2024-05-20,S001,C003,37,12.34,68,USD,2024-05-21 02:00:00,erp_export_v1.csv
2024-05-20,S002,C001,32,24.34,85,USD,2024-05-21 02:00:00,erp_export_v1.csv
2024-05-20,S002,C002,44,24.01,98,USD,2024-05-21 02:00:00,erp_export_v1.csv
2024-05-20,S002,C003,55,23.83,76,USD,2024-05-21 02:00:00,erp_export_v1.csv
2024-05-20,S003,C001,42,19.63,89,USD,2024-05-21 02:00:00,erp_export_v1.csv
2024-05-20,S003,C002,54,20.0,108,USD,2024-05-21 02:00:00,erp_export_v1.csv
2024-05-20,S003,C003,67,19.49,93,USD,2024-05-21 02:00:00,erp_export_v1.csv
2024-05-20,S004,C001,62,17.16,96,USD,2024-05-21 02:00:00,erp_export_v1.csv
2024-05-20,S004,C002,66,16.64,87,USD,2024-05-21 02:00:00,erp_export_v1.csv
2024-05-20,S004,C003,78,16.91,116,USD,2024-05-21 02:00:00,erp_export_v1.csv
2024-05-20,S005,C001,57,8.21,107,USD,2024-05-21 02:00:00,erp_export_v1.csv
2024-05-20,S005,C002,78,7.96,125,USD,2024-05-21 02:00:00,erp_export_v1.csv
2024-05-20,S005,C003,62,8.25,86,USD,2024-05-21 02:00:00,erp_export_v1.csv
2024-05-27,S001,C001,22,12.53,49,USD,2024-05-28 02:00:00,erp_export_v1.csv
2024-05-27,S001,C002,56,11.03,95,USD,2024-05-28 02:00:00,erp_export_v1.csv
2024-05-27,S001,C003,43,12.35,79,USD,2024-05-28 02:00:00,erp_export_v1.csv
2024-05-27,S002,C001,40,23.86,99,USD,2024-05-28 02:00:00,erp_export_v1.csv
2024-05-27,S002,C002,45,23.88,71,USD,2024-05-28 02:00:00,erp_export_v1.csv
2024-05-27,S002,C003,56,24.28,82,USD,2024-05-28 02:00:00,erp_export_v1.csv
2024-05-27,S003,C001,38,19.3,72,USD,2024-05-28 02:00:00,erp_export_v1.csv
2024-05-27,S003,C002,92,17.94,136,USD,2024-05-28 02:00:00,erp_export_v1.csv
2024-05-27,S003,C003,68,19.91,110,USD,2024-05-28 02:00:00,erp_export_v1.csv
2024-05-27,S004,C001,57,15.2,100,USD,2024-05-28 02:00:00,erp_export_v1.csv
2024-05-27,S004,C002,65,16.63,118,USD,2024-05-28 02:00:00,erp_export_v1.csv
2024-05-27,S004,C003,92,15.01,147,USD,2024-05-28 02:00:00,erp_export_v1.csv
2024-05-27,S005,C001,93,7.17,136,USD,2024-05-28 02:00:00,erp_export_v1.csv
2024-05-27,S005,C002,75,8.12,112,USD,2024-05-28 02:00:00,erp_export_v1.csv
2024-05-27,S005,C003,95,7.24,143,USD,2024-05-28 02:00:00,erp_export_v1.csv
2024-06-03,S001,C001,32,12.43,88,USD,2024-06-04 02:00:00,erp_export_v1.csv
2024-06-03,S001,C002,54,11.19,109,USD,2024-06-04 02:00:00,erp_export_v1.csv
2024-06-03,S001,C003,38,12.71,73,USD,2024-06-04 02:00:00,erp_export_v1.csv
2024-06-03,S002,C001,55,21.77,99,USD,2024-06-04 02:00:00,erp_export_v1.csv
2024-06-03,S002,C002,50,24.32,100,USD,2024-06-04 02:00:00,erp_export_v1.csv
2024-06-03,S002,C003,75,22.03,120,USD,2024-06-04 02:00:00,erp_export_v1.csv
2024-06-03,S003,C001,38,19.93,88,USD,2024-06-04 02:00:00,erp_export_v1.csv
2024-06-03,S003,C002,61,17.53,102,USD,2024-06-04 02:00:00,erp_export_v1.csv
2024-06-03,S003,C003,72,17.71,127,USD,2024-06-04 02:00:00,erp_export_v1.csv
2024-06-03,S004,C001,68,15.05,94,USD,2024-06-04 02:00:00,erp_export_v1.csv
2024-06-03,S004,C002,66,16.68,93,USD,2024-06-04 02:00:00,erp_export_v1.csv
2024-06-03,S004,C003,81,15.47,130,USD,2024-06-04 02:00:00,erp_export_v1.csv
2024-06-03,S005,C001,57,7.24,111,USD,2024-06-04 02:00:00,erp_export_v1.csv
2024-06-03,S005,C002,67,8.26,115,USD,2024-06-04 02:00:00,erp_export_v1.csv
2024-06-03,S005,C003,117,7.33,157,USD,2024-06-04 02:00:00,erp_export_v1.csv
2024-06-10,S001,C001,28,12.53,53,USD,2024-06-11 02:00:00,erp_export_v1.csv
2024-06-10,S001,C002,46,11.2,85,USD,2024-06-11 02:00:00,erp_export_v1.csv
2024-06-10,S001,C003,36,12.55,92,USD,2024-06-11 02:00:00,erp_export_v1.csv
2024-06-10,S002,C001,43,21.87,92,USD,2024-06-11 02:00:00,erp_export_v1.csv
2024-06-10,S002,C002,48,24.37,89,USD,2024-06-11 02:00:00,erp_export_v1.csv
2024-06-10,S002,C003,60,21.21,101,USD,2024-06-11 02:00:00,erp_export_v1.csv
2024-06-10,S003,C001,41,19.74,88,USD,2024-06-11 02:00:00,erp_export_v1.csv
2024-06-10,S003,C002,54,19.44,76,USD,2024-06-11 02:00:00,erp_export_v1.csv
2024-06-10,S003,C003,82,17.66,106,USD,2024-06-11 02:00:00,erp_export_v1.csv
2024-06-10,S004,C001,60,15.21,81,USD,2024-06-11 02:00:00,erp_export_v1.csv
2024-06-10,S004,C002,56,16.98,114,USD,2024-06-11 02:00:00,erp_export_v1.csv
2024-06-10,S004,C003,63,17.01,101,USD,2024-06-11 02:00:00,erp_export_v1.csv
2024-06-10,S005,C001,67,7.45,102,USD,2024-06-11 02:00:00,erp_export_v1.csv
2024-06-10,S005,C002,70,8.18,119,USD,2024-06-11 02:00:00,erp_export_v1.csv
2024-06-10,S005,C003,73,8.19,130,USD,2024-06-11 02:00:00,erp_export_v1.csv
2024-06-17,S001,C001,38,12.29,63,USD,2024-06-18 02:00:00,erp_export_v1.csv
2024-06-17,S001,C002,54,12.4,112,USD,2024-06-18 02:00:00,erp_export_v1.csv
2024-06-17,S001,C003,39,12.62,95,USD,2024-06-18 02:00:00,erp_export_v1.csv
2024-06-17,S002,C001,55,22.01,91,USD,2024-06-18 02:00:00,erp_export_v1.csv
2024-06-17,S002,C002,46,24.11,99,USD,2024-06-18 02:00:00,erp_export_v1.csv
2024-06-17,S002,C003,82,22.04,131,USD,2024-06-18 02:00:00,erp_export_v1.csv
2024-06-17,S003,C001,53,19.82,108,USD,2024-06-18 02:00:00,erp_export_v1.csv
2024-06-17,S003,C002,64,19.38,116,USD,2024-06-18 02:00:00,erp_export_v1.csv
2024-06-17,S003,C003,88,19.62,138,USD,2024-06-18 02:00:00,erp_export_v1.csv
2024-06-17,S004,C001,50,17.28,87,USD,2024-06-18 02:00:00,erp_export_v1.csv
2024-06-17,S004,C002,75,16.64,113,USD,2024-06-18 02:00:00,erp_export_v1.csv
2024-06-17,S004,C003,78,16.69,104,USD,2024-06-18 02:00:00,erp_export_v1.csv
2024-06-17,S005,C001,72,8.21,100,USD,2024-06-18 02:00:00,erp_export_v1.csv
2024-06-17,S005,C002,71,8.12,105,USD,2024-06-18 02:00:00,erp_export_v1.csv
2024-06-17,S005,C003,74,8.0,127,USD,2024-06-18 02:00:00,erp_export_v1.csv
2024-06-24,S001,C001,26,12.67,75,USD,2024-06-25 02:00:00,erp_export_v1.csv
2024-06-24,S001,C002,32,12.56,62,USD,2024-06-25 02:00:00,erp_export_v1.csv
2024-06-24,S001,C003,44,12.59,82,USD,2024-06-25 02:00:00,erp_export_v1.csv
2024-06-24,S002,C001,47,23.71,82,USD,2024-06-25 02:00:00,erp_export_v1.csv
2024-06-24,S002,C002,39,23.65,61,USD,2024-06-25 02:00:00,erp_export_v1.csv
2024-06-24,S002,C003,51,24.31,100,USD,2024-06-25 02:00:00,erp_export_v1.csv
2024-06-24,S003,C001,38,19.71,69,USD,2024-06-25 02:00:00,erp_export_v1.csv
2024-06-24,S003,C002,49,19.49,95,USD,2024-06-25 02:00:00,erp_export_v1.csv
2024-06-24,S003,C003,46,19.36,83,USD,2024-06-25 02:00:00,erp_export_v1.csv
2024-06-24,S004,C001,48,16.72,100,USD,2024-06-25 02:00:00,erp_export_v1.csv
2024-06-24,S004,C002,57,16.75,85,USD,2024-06-25 02:00:00,erp_export_v1.csv
2024-06-24,S004,C003,73,16.92,97,USD,2024-06-25 02:00:00,erp_export_v1.csv
2024-06-24,S005,C001,51,7.98,91,USD,2024-06-25 02:00:00,erp_export_v1.csv
2024-06-24,S005,C002,74,8.12,116,USD,2024-06-25 02:00:00,erp_export_v1.csv
2024-06-24,S005,C003,89,8.14,131,USD,2024-06-25 02:00:00,erp_export_v1.csv
2024-07-01,S001,C001,22,12.28,72,USD,2024-07-02 02:00:00,erp_export_v1.csv
2024-07-01,S001,C002,35,12.31,63,USD,2024-07-02 02:00:00,erp_export_v1.csv
2024-07-01,S001,C003,33,12.39,81,USD,2024-07-02 02:00:00,erp_export_v1.csv
2024-07-01,S002,C001,39,24.19,64,USD,2024-07-02 02:00:00,erp_export_v1.csv
2024-07-01,S002,C002,36,23.91,95,USD,2024-07-02 02:00:00,erp_export_v1.csv
2024-07-01,S002,C003,35,23.8,69,USD,2024-07-02 02:00:00,erp_export_v1.csv
2024-07-01,S003,C001,36,19.9,88,USD,2024-07-02 02:00:00,erp_export_v1.csv
2024-07-01,S003,C002,44,19.59,91,USD,2024-07-02 02:00:00,erp_export_v1.csv
2024-07-01,S003,C003,52,19.28,77,USD,2024-07-02 02:00:00,erp_export_v1.csv
2024-07-01,S004,C001,56,17.04,78,USD,2024-07-02 02:00:00,erp_export_v1.csv
2024-07-01,S004,C002,49,16.74,84,USD,2024-07-02 02:00:00,erp_export_v1.csv
2024-07-01,S004,C003,66,17.06,114,USD,2024-07-02 02:00:00,erp_export_v1.csv
2024-07-01,S005,C001,50,8.07,84,USD,2024-07-02 02:00:00,erp_export_v1.csv
2024-07-01,S005,C002,62,8.23,90,USD,2024-07-02 02:00:00,erp_export_v1.csv
2024-07-01,S005,C003,77,8.26,103,USD,2024-07-02 02:00:00,erp_export_v1.csv
2024-07-08,S001,C001,19,12.72,42,USD,2024-07-09 02:00:00,erp_export_v1.csv
2024-07-08,S001,C002,34,12.6,80,USD,2024-07-09 02:00:00,erp_export_v1.csv
2024-07-08,S001,C003,30,12.42,71,USD,2024-07-09 02:00:00,erp_export_v1.csv
2024-07-08,S002,C001,34,23.58,79,USD,2024-07-09 02:00:00,erp_export_v1.csv
2024-07-08,S002,C002,38,23.61,92,USD,2024-07-09 02:00:00,erp_export_v1.csv
2024-07-08,S002,C003,47,23.64,84,USD,2024-07-09 02:00:00,erp_export_v1.csv
2024-07-08,S003,C001,29,19.96,71,USD,2024-07-09 02:00:00,erp_export_v1.csv
2024-07-08,S003,C002,43,19.86,81,USD,2024-07-09 02:00:00,erp_export_v1.csv
2024-07-08,S003,C003,49,19.43,83,USD,2024-07-09 02:00:00,erp_export_v1.csv
2024-07-08,S004,C001,57,17.08,110,USD,2024-07-09 02:00:00,erp_export_v1.csv
2024-07-08,S004,C002,57,17.07,112,USD,2024-07-09 02:00:00,erp_export_v1.csv
2024-07-08,S004,C003,54,17.14,84,USD,2024-07-09 02:00:00,erp_export_v1.csv
2024-07-08,S005,C001,66,8.26,111,USD,2024-07-09 02:00:00,erp_export_v1.csv
2024-07-08,S005,C002,66,7.97,119,USD,2024-07-09 02:00:00,erp_export_v1.csv
2024-07-08,S005,C003,68,8.26,96,USD,2024-07-09 02:00:00,erp_export_v1.csv
