week_start,sku_id,store_id,units,price,inventory_on_hand,currency,load_ts,source_file,region,price_in_cents
2023-01-02,S001,C001,16,,40,USD,2023-01-03 02:00:00,erp_export_v1.csv,EAST,1273
2023-01-02,S002,C001,28,,49,USD,2023-01-03 02:00:00,erp_export_v1.csv,EAST,2432
2023-01-02,S003,C001,43,,69,USD,2023-01-03 02:00:00,erp_export_v1.csv,EAST,1969
2023-01-02,S004,C001,40,,96,USD,2023-01-03 02:00:00,erp_export_v1.csv,EAST,1698
2023-01-02,S005,C001,43,,66,USD,2023-01-03 02:00:00,erp_export_v1.csv,EAST,720
2023-01-02,S001,C002,27,,67,USD,2023-01-03 02:00:00,erp_export_v1.csv,NORTH,1261
2023-01-02,S002,C002,39,,88,USD,2023-01-03 02:00:00,erp_export_v1.csv,NORTH,2433
2023-01-02,S003,C002,43,,72,USD,2023-01-03 02:00:00,erp_export_v1.csv,NORTH,1986
2023-01-02,S004,C002,49,,107,USD,2023-01-03 02:00:00,erp_export_v1.csv,NORTH,1677
2023-01-02,S005,C002,79,,110,USD,2023-01-03 02:00:00,erp_export_v1.csv,NORTH,738
2023-01-02,S001,C003,28,,61,USD,2023-01-03 02:00:00,erp_export_v1.csv,WEST,1247
2023-01-02,S002,C003,31,,80,USD,2023-01-03 02:00:00,erp_export_v1.csv,WEST,2432
2023-01-02,S003,C003,48,,104,USD,2023-01-03 02:00:00,erp_export_v1.csv,WEST,1955
2023-01-02,S004,C003,49,,100,USD,2023-01-03 02:00:00,erp_export_v1.csv,WEST,1690
2023-01-02,S005,C003,65,,94,USD,2023-01-03 02:00:00,erp_export_v1.csv,WEST,804
2023-01-09,S001,C001,24,,82,USD,2023-01-10 02:00:00,erp_export_v1.csv,EAST,1249
2023-01-09,S002,C001,30,,54,USD,2023-01-10 02:00:00,erp_export_v1.csv,EAST,2380
2023-01-09,S003,C001,31,,73,USD,2023-01-10 02:00:00,erp_export_v1.csv,EAST,2001
2023-01-09,S004,C001,62,,95,USD,2023-01-10 02:00:00,erp_export_v1.csv,EAST,1512
2023-01-09,S005,C001,47,,94,USD,2023-01-10 02:00:00,erp_export_v1.csv,EAST,720
2023-01-09,S001,C002,25,,68,USD,2023-01-10 02:00:00,erp_export_v1.csv,NORTH,1234
2023-01-09,S002,C002,28,,82,USD,2023-01-10 02:00:00,erp_export_v1.csv,NORTH,2394
2023-01-09,S003,C002,38,,67,USD,2023-01-10 02:00:00,erp_export_v1.csv,NORTH,1934
2023-01-09,S004,C002,62,,96,USD,2023-01-10 02:00:00,erp_export_v1.csv,NORTH,1709
2023-01-09,S005,C002,71,,98,USD,2023-01-10 02:00:00,erp_export_v1.csv,NORTH,724
2023-01-09,S001,C003,58,,89,USD,2023-01-10 02:00:00,erp_export_v1.csv,WEST,1143
2023-01-09,S002,C003,39,,87,USD,2023-01-10 02:00:00,erp_export_v1.csv,WEST,2372
2023-01-09,S003,C003,59,,89,USD,2023-01-10 02:00:00,erp_export_v1.csv,WEST,1940
2023-01-09,S004,C003,49,,82,USD,2023-01-10 02:00:00,erp_export_v1.csv,WEST,1680
2023-01-09,S005,C003,77,,106,USD,2023-01-10 02:00:00,erp_export_v1.csv,WEST,804
2023-01-16,S001,C001,32,,61,USD,2023-01-17 02:00:00,erp_export_v1.csv,EAST,1131
2023-01-16,S002,C001,35,,87,USD,2023-01-17 02:00:00,erp_export_v1.csv,EAST,2154
2023-01-16,S003,C001,55,,109,USD,2023-01-17 02:00:00,erp_export_v1.csv,EAST,1736
2023-01-16,S004,C001,55,,80,USD,2023-01-17 02:00:00,erp_export_v1.csv,EAST,1533
2023-01-16,S005,C001,58,,83,USD,2023-01-17 02:00:00,erp_export_v1.csv,EAST,729
2023-01-16,S001,C002,38,,69,USD,2023-01-17 02:00:00,erp_export_v1.csv,NORTH,1144
2023-01-16,S002,C002,49,,105,USD,2023-01-17 02:00:00,erp_export_v1.csv,NORTH,2152
2023-01-16,S003,C002,54,,102,USD,2023-01-17 02:00:00,erp_export_v1.csv,NORTH,1751
2023-01-16,S004,C002,55,,103,USD,2023-01-17 02:00:00,erp_export_v1.csv,NORTH,1545
2023-01-16,S005,C002,77,,98,USD,2023-01-17 02:00:00,erp_export_v1.csv,NORTH,734
2023-01-16,S001,C003,46,,76,USD,2023-01-17 02:00:00,erp_export_v1.csv,WEST,1119
2023-01-16,S002,C003,40,,68,USD,2023-01-17 02:00:00,erp_export_v1.csv,WEST,2383
2023-01-16,S003,C003,76,,124,USD,2023-01-17 02:00:00,erp_export_v1.csv,WEST,1757
2023-01-16,S004,C003,54,,102,USD,2023-01-17 02:00:00,erp_export_v1.csv,WEST,1693
2023-01-16,S005,C003,70,,90,USD,2023-01-17 02:00:00,erp_export_v1.csv,WEST,806
2023-01-23,S001,C001,31,,82,USD,2023-01-24 02:00:00,erp_export_v1.csv,EAST,1144
2023-01-23,S002,C001,48,,81,USD,2023-01-24 02:00:00,erp_export_v1.csv,EAST,2179
2023-01-23,S003,C001,46,,96,USD,2023-01-24 02:00:00,erp_export_v1.csv,EAST,1735
2023-01-23,S004,C001,60,,114,USD,2023-01-24 02:00:00,erp_export_v1.csv,EAST,1521
2023-01-23,S005,C001,50,,74,USD,2023-01-24 02:00:00,erp_export_v1.csv,EAST,808
2023-01-23,S001,C002,40,,63,USD,2023-01-24 02:00:00,erp_export_v1.csv,NORTH,1108
2023-01-23,S002,C002,42,,84,USD,2023-01-24 02:00:00,erp_export_v1.csv,NORTH,2147
2023-01-23,S003,C002,59,,116,USD,2023-01-24 02:00:00,erp_export_v1.csv,NORTH,1769
2023-01-23,S004,C002,56,,85,USD,2023-01-24 02:00:00,erp_export_v1.csv,NORTH,1514
2023-01-23,S005,C002,55,,89,USD,2023-01-24 02:00:00,erp_export_v1.csv,NORTH,812
2023-01-23,S001,C003,51,,99,USD,2023-01-24 02:00:00,erp_export_v1.csv,WEST,1111
2023-01-23,S002,C003,39,,73,USD,2023-01-24 02:00:00,erp_export_v1.csv,WEST,2376
2023-01-23,S003,C003,54,,98,USD,2023-01-24 02:00:00,erp_export_v1.csv,WEST,1798
2023-01-23,S004,C003,37,,70,USD,2023-01-24 02:00:00,erp_export_v1.csv,WEST,1691
2023-01-23,S005,C003,68,,108,USD,2023-01-24 02:00:00,erp_export_v1.csv,WEST,801
2023-01-30,S001,C001,34,,77,USD,2023-01-31 02:00:00,erp_export_v1.csv,EAST,1232
2023-01-30,S002,C001,40,,95,USD,2023-01-31 02:00:00,erp_export_v1.csv,EAST,2131
2023-01-30,S003,C001,36,,58,USD,2023-01-31 02:00:00,erp_export_v1.csv,EAST,1963
2023-01-30,S004,C001,47,,102,USD,2023-01-31 02:00:00,erp_export_v1.csv,EAST,1716
2023-01-30,S005,C001,55,,85,USD,2023-01-31 02:00:00,erp_export_v1.csv,EAST,798
2023-01-30,S001,C002,31,,83,USD,2023-01-31 02:00:00,erp_export_v1.csv,NORTH,1258
2023-01-30,S002,C002,46,,83,USD,2023-01-31 02:00:00,erp_export_v1.csv,NORTH,2390
2023-01-30,S003,C002,68,,104,USD,2023-01-31 02:00:00,erp_export_v1.csv,NORTH,1751
2023-01-30,S004,C002,85,,114,USD,2023-01-31 02:00:00,erp_export_v1.csv,NORTH,1524
2023-01-30,S005,C002,60,,105,USD,2023-01-31 02:00:00,erp_export_v1.csv,NORTH,800
2023-01-30,S001,C003,49,,76,USD,2023-01-31 02:00:00,erp_export_v1.csv,WEST,1240
2023-01-30,S002,C003,53,,90,USD,2023-01-31 02:00:00,erp_export_v1.csv,WEST,2432
2023-01-30,S003,C003,71,,121,USD,2023-01-31 02:00:00,erp_export_v1.csv,WEST,1750
2023-01-30,S004,C003,47,,95,USD,2023-01-31 02:00:00,erp_export_v1.csv,WEST,1703
2023-01-30,S005,C003,75,,105,USD,2023-01-31 02:00:00,erp_export_v1.csv,WEST,802
2023-02-06,S001,C001,47,,98,USD,2023-02-07 02:00:00,erp_export_v1.csv,EAST,1267
2023-02-06,S002,C001,39,,68,USD,2023-02-07 02:00:00,erp_export_v1.csv,EAST,2388
2023-02-06,S003,C001,53,,111,USD,2023-02-07 02:00:00,erp_export_v1.csv,EAST,1982
2023-02-06,S004,C001,50,,79,USD,2023-02-07 02:00:00,erp_export_v1.csv,EAST,1675
2023-02-06,S005,C001,69,,111,USD,2023-02-07 02:00:00,erp_export_v1.csv,EAST,805
2023-02-06,S001,C002,42,,100,USD,2023-02-07 02:00:00,erp_export_v1.csv,NORTH,1267
2023-02-06,S002,C002,48,,105,USD,2023-02-07 02:00:00,erp_export_v1.csv,NORTH,2405
2023-02-06,S003,C002,49,,98,USD,2023-02-07 02:00:00,erp_export_v1.csv,NORTH,1985
2023-02-06,S004,C002,56,,101,USD,2023-02-07 02:00:00,erp_export_v1.csv,NORTH,1713
2023-02-06,S005,C002,74,,131,USD,2023-02-07 02:00:00,erp_export_v1.csv,NORTH,810
2023-02-06,S001,C003,55,,95,USD,2023-02-07 02:00:00,erp_export_v1.csv,WEST,1241
2023-02-06,S002,C003,60,,113,USD,2023-02-07 02:00:00,erp_export_v1.csv,WEST,2356
2023-02-06,S003,C003,70,,98,USD,2023-02-07 02:00:00,erp_export_v1.csv,WEST,1942
2023-02-06,S004,C003,78,,134,USD,2023-02-07 02:00:00,erp_export_v1.csv,WEST,1719
2023-02-06,S005,C003,92,,119,USD,2023-02-07 02:00:00,erp_export_v1.csv,WEST,812
2023-02-13,S001,C001,40,,92,USD,2023-02-14 02:00:00,erp_export_v1.csv,EAST,1243
2023-02-13,S002,C001,35,,94,USD,2023-02-14 02:00:00,erp_export_v1.csv,EAST,2372
2023-02-13,S003,C001,37,,81,USD,2023-02-14 02:00:00,erp_export_v1.csv,EAST,1987
2023-02-13,S004,C001,45,,69,USD,2023-02-14 02:00:00,erp_export_v1.csv,EAST,1673
2023-02-13,S005,C001,46,,72,USD,2023-02-14 02:00:00,erp_export_v1.csv,EAST,800
2023-02-13,S001,C002,38,,63,USD,2023-02-14 02:00:00,erp_export_v1.csv,NORTH,1228
2023-02-13,S002,C002,47,,69,USD,2023-02-14 02:00:00,erp_export_v1.csv,NORTH,2430
2023-02-13,S003,C002,46,,97,USD,2023-02-14 02:00:00,erp_export_v1.csv,NORTH,1959
2023-02-13,S004,C002,57,,83,USD,2023-02-14 02:00:00,erp_export_v1.csv,NORTH,1698
2023-02-13,S005,C002,63,,83,USD,2023-02-14 02:00:00,erp_export_v1.csv,NORTH,820
2023-02-13,S001,C003,52,,90,USD,2023-02-14 02:00:00,erp_export_v1.csv,WEST,1255
2023-02-13,S002,C003,48,,98,USD,2023-02-14 02:00:00,erp_export_v1.csv,WEST,2369
2023-02-13,S003,C003,51,,85,USD,2023-02-14 02:00:00,erp_export_v1.csv,WEST,1967
2023-02-13,S004,C003,73,,109,USD,2023-02-14 02:00:00,erp_export_v1.csv,WEST,1691
2023-02-13,S005,C003,67,,107,USD,2023-02-14 02:00:00,erp_export_v1.csv,WEST,819
2023-02-20,S001,C001,29,,51,USD,2023-02-21 02:00:00,erp_export_v1.csv,EAST,1271
2023-02-20,S002,C001,41,,77,USD,2023-02-21 02:00:00,erp_export_v1.csv,EAST,2418
2023-02-20,S003,C001,46,,67,USD,2023-02-21 02:00:00,erp_export_v1.csv,EAST,1958
2023-02-20,S004,C001,42,,81,USD,2023-02-21 02:00:00,erp_export_v1.csv,EAST,1711
2023-02-20,S005,C001,57,,115,USD,2023-02-21 02:00:00,erp_export_v1.csv,EAST,812
2023-02-20,S001,C002,42,,83,USD,2023-02-21 02:00:00,erp_export_v1.csv,NORTH,1231
2023-02-20,S002,C002,41,,83,USD,2023-02-21 02:00:00,erp_export_v1.csv,NORTH,2426
2023-02-20,S003,C002,45,,76,USD,2023-02-21 02:00:00,erp_export_v1.csv,NORTH,1965
2023-02-20,S004,C002,51,,86,USD,2023-02-21 02:00:00,erp_export_v1.csv,NORTH,1696
2023-02-20,S005,C002,64,,96,USD,2023-02-21 02:00:00,erp_export_v1.csv,NORTH,811
2023-02-20,S001,C003,35,,91,USD,2023-02-21 02:00:00,erp_export_v1.csv,WEST,1255
2023-02-20,S002,C003,53,,91,USD,2023-02-21 02:00:00,erp_export_v1.csv,WEST,2436
2023-02-20,S003,C003,61,,90,USD,2023-02-21 02:00:00,erp_export_v1.csv,WEST,1936
2023-02-20,S004,C003,60,,118,USD,2023-02-21 02:00:00,erp_export_v1.csv,WEST,1726
2023-02-20,S005,C003,83,,114,USD,2023-02-21 02:00:00,erp_export_v1.csv,WEST,799
2023-02-27,S001,C001,36,,84,USD,2023-02-28 02:00:00,erp_export_v1.csv,EAST,1234
2023-02-27,S002,C001,28,,82,USD,2023-02-28 02:00:00,erp_export_v1.csv,EAST,2411
2023-02-27,S003,C001,43,,101,USD,2023-02-28 02:00:00,erp_export_v1.csv,EAST,1987
2023-02-27,S004,C001,46,,77,USD,2023-02-28 02:00:00,erp_export_v1.csv,EAST,1687
2023-02-27,S005,C001,66,,114,USD,2023-02-28 02:00:00,erp_export_v1.csv,EAST,723
2023-02-27,S001,C002,43,,101,USD,2023-02-28 02:00:00,erp_export_v1.csv,NORTH,1247
2023-02-27,S002,C002,40,,95,USD,2023-02-28 02:00:00,erp_export_v1.csv,NORTH,2389
2023-02-27,S003,C002,59,,111,USD,2023-02-28 02:00:00,erp_export_v1.csv,NORTH,1995
2023-02-27,S004,C002,61,,106,USD,2023-02-28 02:00:00,erp_export_v1.csv,NORTH,1710
2023-02-27,S005,C002,69,,103,USD,2023-02-28 02:00:00,erp_export_v1.csv,NORTH,798
2023-02-27,S001,C003,51,,106,USD,2023-02-28 02:00:00,erp_export_v1.csv,WEST,1238
2023-02-27,S002,C003,49,,92,USD,2023-02-28 02:00:00,erp_export_v1.csv,WEST,2412
2023-02-27,S003,C003,52,,109,USD,2023-02-28 02:00:00,erp_export_v1.csv,WEST,1929
2023-02-27,S004,C003,63,,87,USD,2023-02-28 02:00:00,erp_export_v1.csv,WEST,1731
2023-02-27,S005,C003,76,,117,USD,2023-02-28 02:00:00,erp_export_v1.csv,WEST,820
2023-03-06,S001,C001,20,,74,USD,2023-03-07 02:00:00,erp_export_v1.csv,EAST,1225
2023-03-06,S002,C001,34,,67,USD,2023-03-07 02:00:00,erp_export_v1.csv,EAST,2433
2023-03-06,S003,C001,32,,67,USD,2023-03-07 02:00:00,erp_export_v1.csv,EAST,1962
2023-03-06,S004,C001,48,,95,USD,2023-03-07 02:00:00,erp_export_v1.csv,EAST,1718
2023-03-06,S005,C001,77,,133,USD,2023-03-07 02:00:00,erp_export_v1.csv,EAST,729
2023-03-06,S001,C002,50,,79,USD,2023-03-07 02:00:00,erp_export_v1.csv,NORTH,1125
2023-03-06,S002,C002,42,,89,USD,2023-03-07 02:00:00,erp_export_v1.csv,NORTH,2402
2023-03-06,S003,C002,54,,77,USD,2023-03-07 02:00:00,erp_export_v1.csv,NORTH,1941
2023-03-06,S004,C002,61,,118,USD,2023-03-07 02:00:00,erp_export_v1.csv,NORTH,1668
2023-03-06,S005,C002,75,,118,USD,2023-03-07 02:00:00,erp_export_v1.csv,NORTH,828
2023-03-06,S001,C003,78,,133,USD,2023-03-07 02:00:00,erp_export_v1.csv,WEST,1134
2023-03-06,S002,C003,53,,103,USD,2023-03-07 02:00:00,erp_export_v1.csv,WEST,2372
2023-03-06,S003,C003,60,,99,USD,2023-03-07 02:00:00,erp_export_v1.csv,WEST,1955
2023-03-06,S004,C003,62,,118,USD,2023-03-07 02:00:00,erp_export_v1.csv,WEST,1689
2023-03-06,S005,C003,106,,149,USD,2023-03-07 02:00:00,erp_export_v1.csv,WEST,743
2023-03-13,S001,C001,28,,57,USD,2023-03-14 02:00:00,erp_export_v1.csv,EAST,1243
2023-03-13,S002,C001,43,,84,USD,2023-03-14 02:00:00,erp_export_v1.csv,EAST,2198
2023-03-13,S003,C001,65,,89,USD,2023-03-14 02:00:00,erp_export_v1.csv,EAST,1762
2023-03-13,S004,C001,77,,116,USD,2023-03-14 02:00:00,erp_export_v1.csv,EAST,1530
2023-03-13,S005,C001,66,,92,USD,2023-03-14 02:00:00,erp_export_v1.csv,EAST,802
2023-03-13,S001,C002,50,,95,USD,2023-03-14 02:00:00,erp_export_v1.csv,NORTH,1141
2023-03-13,S002,C002,43,,63,USD,2023-03-14 02:00:00,erp_export_v1.csv,NORTH,2438
2023-03-13,S003,C002,83,,136,USD,2023-03-14 02:00:00,erp_export_v1.csv,NORTH,1799
2023-03-13,S004,C002,45,,83,USD,2023-03-14 02:00:00,erp_export_v1.csv,NORTH,1710
2023-03-13,S005,C002,54,,101,USD,2023-03-14 02:00:00,erp_export_v1.csv,NORTH,808
2023-03-13,S001,C003,54,,101,USD,2023-03-14 02:00:00,erp_export_v1.csv,WEST,1105
2023-03-13,S002,C003,56,,79,USD,2023-03-14 02:00:00,erp_export_v1.csv,WEST,2406
2023-03-13,S003,C003,60,,87,USD,2023-03-14 02:00:00,erp_export_v1.csv,WEST,1927
2023-03-13,S004,C003,85,,113,USD,2023-03-14 02:00:00,erp_export_v1.csv,WEST,1510
2023-03-13,S005,C003,102,,159,USD,2023-03-14 02:00:00,erp_export_v1.csv,WEST,737
2023-03-20,S001,C001,27,,57,USD,2023-03-21 02:00:00,erp_export_v1.csv,EAST,1259
2023-03-20,S002,C001,58,,112,USD,2023-03-21 02:00:00,erp_export_v1.csv,EAST,2187
2023-03-20,S003,C001,65,,114,USD,2023-03-21 02:00:00,erp_export_v1.csv,EAST,1765
2023-03-20,S004,C001,62,,101,USD,2023-03-21 02:00:00,erp_export_v1.csv,EAST,1529
2023-03-20,S005,C001,57,,98,USD,2023-03-21 02:00:00,erp_export_v1.csv,EAST,802
2023-03-20,S001,C002,34,,93,USD,2023-03-21 02:00:00,erp_export_v1.csv,NORTH,1250
2023-03-20,S002,C002,60,,97,USD,2023-03-21 02:00:00,erp_export_v1.csv,NORTH,2403
2023-03-20,S003,C002,71,,116,USD,2023-03-21 02:00:00,erp_export_v1.csv,NORTH,1766
2023-03-20,S004,C002,63,,116,USD,2023-03-21 02:00:00,erp_export_v1.csv,NORTH,1681
2023-03-20,S005,C002,60,,100,USD,2023-03-21 02:00:00,erp_export_v1.csv,NORTH,804
2023-03-20,S001,C003,53,,84,USD,2023-03-21 02:00:00,erp_export_v1.csv,WEST,1139
2023-03-20,S002,C003,55,,91,USD,2023-03-21 02:00:00,erp_export_v1.csv,WEST,2377
2023-03-20,S003,C003,63,,96,USD,2023-03-21 02:00:00,erp_export_v1.csv,WEST,1994
2023-03-20,S004,C003,96,,149,USD,2023-03-21 02:00:00,erp_export_v1.csv,WEST,1514
2023-03-20,S005,C003,102,,138,USD,2023-03-21 02:00:00,erp_export_v1.csv,WEST,717
2023-03-27,S001,C001,48,,103,USD,2023-03-28 02:00:00,erp_export_v1.csv,EAST,1264
2023-03-27,S002,C001,55,,100,USD,2023-03-28 02:00:00,erp_export_v1.csv,EAST,2175
2023-03-27,S003,C001,64,,84,USD,2023-03-28 02:00:00,erp_export_v1.csv,EAST,1971
2023-03-27,S004,C001,46,,102,USD,2023-03-28 02:00:00,erp_export_v1.csv,EAST,1678
2023-03-27,S005,C001,94,,134,USD,2023-03-28 02:00:00,erp_export_v1.csv,EAST,800
2023-03-27,S001,C002,56,,103,USD,2023-03-28 02:00:00,erp_export_v1.csv,NORTH,1247
2023-03-27,S002,C002,60,,90,USD,2023-03-28 02:00:00,erp_export_v1.csv,NORTH,2360
2023-03-27,S003,C002,60,,90,USD,2023-03-28 02:00:00,erp_export_v1.csv,NORTH,1976
2023-03-27,S004,C002,81,,109,USD,2023-03-28 02:00:00,erp_export_v1.csv,NORTH,1701
2023-03-27,S005,C002,98,,123,USD,2023-03-28 02:00:00,erp_export_v1.csv,NORTH,816
2023-03-27,S001,C003,48,,94,USD,2023-03-28 02:00:00,erp_export_v1.csv,WEST,1270
2023-03-27,S002,C003,61,,82,USD,2023-03-28 02:00:00,erp_export_v1.csv,WEST,2426
2023-03-27,S003,C003,100,,157,USD,2023-03-28 02:00:00,erp_export_v1.csv,WEST,1932
2023-03-27,S004,C003,78,,115,USD,2023-03-28 02:00:00,erp_export_v1.csv,WEST,1668
2023-03-27,S005,C003,103,,130,USD,2023-03-28 02:00:00,erp_export_v1.csv,WEST,806
2023-04-03,S001,C001,26,,80,USD,2023-04-04 02:00:00,erp_export_v1.csv,EAST,1264
2023-04-03,S002,C001,48,,85,USD,2023-04-04 02:00:00,erp_export_v1.csv,EAST,2409
2023-04-03,S003,C001,55,,98,USD,2023-04-04 02:00:00,erp_export_v1.csv,EAST,1933
2023-04-03,S004,C001,64,,97,USD,2023-04-04 02:00:00,erp_export_v1.csv,EAST,1697
2023-04-03,S005,C001,63,,83,USD,2023-04-04 02:00:00,erp_export_v1.csv,EAST,813
2023-04-03,S001,C002,43,,65,USD,2023-04-04 02:00:00,erp_export_v1.csv,NORTH,1227
2023-04-03,S002,C002,42,,95,USD,2023-04-04 02:00:00,erp_export_v1.csv,NORTH,2411
2023-04-03,S003,C002,73,,118,USD,2023-04-04 02:00:00,erp_export_v1.csv,NORTH,1953
2023-04-03,S004,C002,66,,121,USD,2023-04-04 02:00:00,erp_export_v1.csv,NORTH,1684
2023-04-03,S005,C002,67,,115,USD,2023-04-04 02:00:00,erp_export_v1.csv,NORTH,812
2023-04-03,S001,C003,34,,77,USD,2023-04-04 02:00:00,erp_export_v1.csv,WEST,1254
2023-04-03,S002,C003,55,,85,USD,2023-04-04 02:00:00,erp_export_v1.csv,WEST,2359
2023-04-03,S003,C003,63,,98,USD,2023-04-04 02:00:00,erp_export_v1.csv,WEST,1951
2023-04-03,S004,C003,77,,100,USD,2023-04-04 02:00:00,erp_export_v1.csv,WEST,1711
2023-04-03,S005,C003,75,,133,USD,2023-04-04 02:00:00,erp_export_v1.csv,WEST,805
2023-04-10,S001,C001,30,,73,USD,2023-04-11 02:00:00,erp_export_v1.csv,EAST,1263
2023-04-10,S002,C001,44,,101,USD,2023-04-11 02:00:00,erp_export_v1.csv,EAST,2389
2023-04-10,S003,C001,51,,109,USD,2023-04-11 02:00:00,erp_export_v1.csv,EAST,1971
2023-04-10,S004,C001,55,,108,USD,2023-04-11 02:00:00,erp_export_v1.csv,EAST,1696
2023-04-10,S005,C001,53,,90,USD,2023-04-11 02:00:00,erp_export_v1.csv,EAST,816
2023-04-10,S001,C002,48,,73,USD,2023-04-11 02:00:00,erp_export_v1.csv,NORTH,1249
2023-04-10,S002,C002,53,,103,USD,2023-04-11 02:00:00,erp_export_v1.csv,NORTH,2407
2023-04-10,S003,C002,46,,75,USD,2023-04-11 02:00:00,erp_export_v1.csv,NORTH,1974
2023-04-10,S004,C002,55,,93,USD,2023-04-11 02:00:00,erp_export_v1.csv,NORTH,1675
2023-04-10,S005,C002,67,,94,USD,2023-04-11 02:00:00,erp_export_v1.csv,NORTH,799
2023-04-10,S001,C003,41,,63,USD,2023-04-11 02:00:00,erp_export_v1.csv,WEST,1270
2023-04-10,S002,C003,62,,83,USD,2023-04-11 02:00:00,erp_export_v1.csv,WEST,2418
2023-04-10,S003,C003,71,,102,USD,2023-04-11 02:00:00,erp_export_v1.csv,WEST,1931
2023-04-10,S004,C003,71,,122,USD,2023-04-11 02:00:00,erp_export_v1.csv,WEST,1689
2023-04-10,S005,C003,79,,130,USD,2023-04-11 02:00:00,erp_export_v1.csv,WEST,798
2023-04-17,S001,C001,39,,71,USD,2023-04-18 02:00:00,erp_export_v1.csv,EAST,1236
2023-04-17,S002,C001,39,,75,USD,2023-04-18 02:00:00,erp_export_v1.csv,EAST,2408
2023-04-17,S003,C001,44,,67,USD,2023-04-18 02:00:00,erp_export_v1.csv,EAST,1938
2023-04-17,S004,C001,47,,89,USD,2023-04-18 02:00:00,erp_export_v1.csv,EAST,1702
2023-04-17,S005,C001,42,,72,USD,2023-04-18 02:00:00,erp_export_v1.csv,EAST,808
2023-04-17,S001,C002,35,,73,USD,2023-04-18 02:00:00,erp_export_v1.csv,NORTH,1244
2023-04-17,S002,C002,49,,92,USD,2023-04-18 02:00:00,erp_export_v1.csv,NORTH,2400
2023-04-17,S003,C002,49,,76,USD,2023-04-18 02:00:00,erp_export_v1.csv,NORTH,2002
2023-04-17,S004,C002,49,,90,USD,2023-04-18 02:00:00,erp_export_v1.csv,NORTH,1727
2023-04-17,S005,C002,62,,108,USD,2023-04-18 02:00:00,erp_export_v1.csv,NORTH,798
2023-04-17,S001,C003,39,,84,USD,2023-04-18 02:00:00,erp_export_v1.csv,WEST,1257
2023-04-17,S002,C003,59,,98,USD,2023-04-18 02:00:00,erp_export_v1.csv,WEST,2353
2023-04-17,S003,C003,68,,110,USD,2023-04-18 02:00:00,erp_export_v1.csv,WEST,1938
2023-04-17,S004,C003,76,,101,USD,2023-04-18 02:00:00,erp_export_v1.csv,WEST,1714
2023-04-17,S005,C003,90,,141,USD,2023-04-18 02:00:00,erp_export_v1.csv,WEST,804
2023-04-24,S001,C001,36,,75,USD,2023-04-25 02:00:00,erp_export_v1.csv,EAST,1243
2023-04-24,S002,C001,47,,106,USD,2023-04-25 02:00:00,erp_export_v1.csv,EAST,2405
2023-04-24,S003,C001,63,,92,USD,2023-04-25 02:00:00,erp_export_v1.csv,EAST,1768
2023-04-24,S004,C001,54,,89,USD,2023-04-25 02:00:00,erp_export_v1.csv,EAST,1665
2023-04-24,S005,C001,55,,100,USD,2023-04-25 02:00:00,erp_export_v1.csv,EAST,799
2023-04-24,S001,C002,37,,64,USD,2023-04-25 02:00:00,erp_export_v1.csv,NORTH,1233
2023-04-24,S002,C002,43,,89,USD,2023-04-25 02:00:00,erp_export_v1.csv,NORTH,2356
2023-04-24,S003,C002,56,,76,USD,2023-04-25 02:00:00,erp_export_v1.csv,NORTH,1978
2023-04-24,S004,C002,76,,131,USD,2023-04-25 02:00:00,erp_export_v1.csv,NORTH,1715
2023-04-24,S005,C002,99,,145,USD,2023-04-25 02:00:00,erp_export_v1.csv,NORTH,741
2023-04-24,S001,C003,47,,90,USD,2023-04-25 02:00:00,erp_export_v1.csv,WEST,1233
2023-04-24,S002,C003,48,,107,USD,2023-04-25 02:00:00,erp_export_v1.csv,WEST,2375
2023-04-24,S003,C003,79,,112,USD,2023-04-25 02:00:00,erp_export_v1.csv,WEST,1955
2023-04-24,S004,C003,58,,101,USD,2023-04-25 02:00:00,erp_export_v1.csv,WEST,1714
2023-04-24,S005,C003,87,,129,USD,2023-04-25 02:00:00,erp_export_v1.csv,WEST,810
2023-05-01,S001,C001,37,,92,USD,2023-05-02 02:00:00,erp_export_v1.csv,EAST,1269
2023-05-01,S002,C001,32,,54,USD,2023-05-02 02:00:00,erp_export_v1.csv,EAST,2394
2023-05-01,S003,C001,41,,63,USD,2023-05-02 02:00:00,erp_export_v1.csv,EAST,1735
2023-05-01,S004,C001,84,,124,USD,2023-05-02 02:00:00,erp_export_v1.csv,EAST,1507
2023-05-01,S005,C001,64,,101,USD,2023-05-02 02:00:00,erp_export_v1.csv,EAST,723
2023-05-01,S001,C002,33,,73,USD,2023-05-02 02:00:00,erp_export_v1.csv,NORTH,1253
2023-05-01,S002,C002,37,,71,USD,2023-05-02 02:00:00,erp_export_v1.csv,NORTH,2426
2023-05-01,S003,C002,67,,117,USD,2023-05-02 02:00:00,erp_export_v1.csv,NORTH,1753
2023-05-01,S004,C002,64,,87,USD,2023-05-02 02:00:00,erp_export_v1.csv,NORTH,1691
2023-05-01,S005,C002,83,,137,USD,2023-05-02 02:00:00,erp_export_v1.csv,NORTH,728
2023-05-01,S001,C003,50,,84,USD,2023-05-02 02:00:00,erp_export_v1.csv,WEST,1227
2023-05-01,S002,C003,66,,122,USD,2023-05-02 02:00:00,erp_export_v1.csv,WEST,2174
2023-05-01,S003,C003,56,,103,USD,2023-05-02 02:00:00,erp_export_v1.csv,WEST,1938
2023-05-01,S004,C003,69,,101,USD,2023-05-02 02:00:00,erp_export_v1.csv,WEST,1546
2023-05-01,S005,C003,91,,131,USD,2023-05-02 02:00:00,erp_export_v1.csv,WEST,729
2023-05-08,S001,C001,22,,60,USD,2023-05-09 02:00:00,erp_export_v1.csv,EAST,1271
2023-05-08,S002,C001,39,,73,USD,2023-05-09 02:00:00,erp_export_v1.csv,EAST,2366
2023-05-08,S003,C001,66,,108,USD,2023-05-09 02:00:00,erp_export_v1.csv,EAST,1777
2023-05-08,S004,C001,53,,77,USD,2023-05-09 02:00:00,erp_export_v1.csv,EAST,1524
2023-05-08,S005,C001,74,,131,USD,2023-05-09 02:00:00,erp_export_v1.csv,EAST,728
2023-05-08,S001,C002,33,,92,USD,2023-05-09 02:00:00,erp_export_v1.csv,NORTH,1234
2023-05-08,S002,C002,44,,100,USD,2023-05-09 02:00:00,erp_export_v1.csv,NORTH,2433
2023-05-08,S003,C002,75,,99,USD,2023-05-09 02:00:00,erp_export_v1.csv,NORTH,1743
2023-05-08,S004,C002,97,,126,USD,2023-05-09 02:00:00,erp_export_v1.csv,NORTH,1554
2023-05-08,S005,C002,98,,152,USD,2023-05-09 02:00:00,erp_export_v1.csv,NORTH,725
2023-05-08,S001,C003,42,,95,USD,2023-05-09 02:00:00,erp_export_v1.csv,WEST,1236
2023-05-08,S002,C003,73,,119,USD,2023-05-09 02:00:00,erp_export_v1.csv,WEST,2128
2023-05-08,S003,C003,63,,122,USD,2023-05-09 02:00:00,erp_export_v1.csv,WEST,1963
2023-05-08,S004,C003,100,,136,USD,2023-05-09 02:00:00,erp_export_v1.csv,WEST,1547
2023-05-08,S005,C003,96,,135,USD,2023-05-09 02:00:00,erp_export_v1.csv,WEST,728
2023-05-15,S001,C001,30,,61,USD,2023-05-16 02:00:00,erp_export_v1.csv,EAST,1229
2023-05-15,S002,C001,44,,90,USD,2023-05-16 02:00:00,erp_export_v1.csv,EAST,2424
2023-05-15,S003,C001,40,,83,USD,2023-05-16 02:00:00,erp_export_v1.csv,EAST,1979
2023-05-15,S004,C001,87,,132,USD,2023-05-16 02:00:00,erp_export_v1.csv,EAST,1537
2023-05-15,S005,C001,71,,107,USD,2023-05-16 02:00:00,erp_export_v1.csv,EAST,720
2023-05-15,S001,C002,37,,58,USD,2023-05-16 02:00:00,erp_export_v1.csv,NORTH,1252
2023-05-15,S002,C002,59,,82,USD,2023-05-16 02:00:00,erp_export_v1.csv,NORTH,2438
2023-05-15,S003,C002,68,,120,USD,2023-05-16 02:00:00,erp_export_v1.csv,NORTH,1735
2023-05-15,S004,C002,76,,127,USD,2023-05-16 02:00:00,erp_export_v1.csv,NORTH,1508
2023-05-15,S005,C002,79,,113,USD,2023-05-16 02:00:00,erp_export_v1.csv,NORTH,806
2023-05-15,S001,C003,50,,73,USD,2023-05-16 02:00:00,erp_export_v1.csv,WEST,1262
2023-05-15,S002,C003,56,,77,USD,2023-05-16 02:00:00,erp_export_v1.csv,WEST,2399
2023-05-15,S003,C003,63,,116,USD,2023-05-16 02:00:00,erp_export_v1.csv,WEST,1926
2023-05-15,S004,C003,103,,156,USD,2023-05-16 02:00:00,erp_export_v1.csv,WEST,1497
2023-05-15,S005,C003,101,,144,USD,2023-05-16 02:00:00,erp_export_v1.csv,WEST,733
2023-05-22,S001,C001,34,,76,USD,2023-05-23 02:00:00,erp_export_v1.csv,EAST,1262
2023-05-22,S002,C001,51,,107,USD,2023-05-23 02:00:00,erp_export_v1.csv,EAST,2383
2023-05-22,S003,C001,63,,107,USD,2023-05-23 02:00:00,erp_export_v1.csv,EAST,1974
2023-05-22,S004,C001,56,,101,USD,2023-05-23 02:00:00,erp_export_v1.csv,EAST,1680
2023-05-22,S005,C001,70,,118,USD,2023-05-23 02:00:00,erp_export_v1.csv,EAST,822
2023-05-22,S001,C002,41,,100,USD,2023-05-23 02:00:00,erp_export_v1.csv,NORTH,1269
2023-05-22,S002,C002,41,,77,USD,2023-05-23 02:00:00,erp_export_v1.csv,NORTH,2368
2023-05-22,S003,C002,82,,122,USD,2023-05-23 02:00:00,erp_export_v1.csv,NORTH,1944
2023-05-22,S004,C002,87,,133,USD,2023-05-23 02:00:00,erp_export_v1.csv,NORTH,1527
2023-05-22,S005,C002,80,,104,USD,2023-05-23 02:00:00,erp_export_v1.csv,NORTH,826
2023-05-22,S001,C003,48,,92,USD,2023-05-23 02:00:00,erp_export_v1.csv,WEST,1238
2023-05-22,S002,C003,60,,89,USD,2023-05-23 02:00:00,erp_export_v1.csv,WEST,2356
2023-05-22,S003,C003,60,,99,USD,2023-05-23 02:00:00,erp_export_v1.csv,WEST,1938
2023-05-22,S004,C003,90,,138,USD,2023-05-23 02:00:00,erp_export_v1.csv,WEST,1700
2023-05-22,S005,C003,97,,139,USD,2023-05-23 02:00:00,erp_export_v1.csv,WEST,803
2023-05-29,S001,C001,34,,92,USD,2023-05-30 02:00:00,erp_export_v1.csv,EAST,1271
2023-05-29,S002,C001,40,,61,USD,2023-05-30 02:00:00,erp_export_v1.csv,EAST,2373
2023-05-29,S003,C001,42,,64,USD,2023-05-30 02:00:00,erp_export_v1.csv,EAST,1932
2023-05-29,S004,C001,55,,82,USD,2023-05-30 02:00:00,erp_export_v1.csv,EAST,1665
2023-05-29,S005,C001,47,,100,USD,2023-05-30 02:00:00,erp_export_v1.csv,EAST,823
2023-05-29,S001,C002,35,,62,USD,2023-05-30 02:00:00,erp_export_v1.csv,NORTH,1226
2023-05-29,S002,C002,39,,95,USD,2023-05-30 02:00:00,erp_export_v1.csv,NORTH,2405
2023-05-29,S003,C002,61,,93,USD,2023-05-30 02:00:00,erp_export_v1.csv,NORTH,1968
2023-05-29,S004,C002,54,,98,USD,2023-05-30 02:00:00,erp_export_v1.csv,NORTH,1714
2023-05-29,S005,C002,73,,121,USD,2023-05-30 02:00:00,erp_export_v1.csv,NORTH,815
2023-05-29,S001,C003,42,,82,USD,2023-05-30 02:00:00,erp_export_v1.csv,WEST,1265
2023-05-29,S002,C003,37,,58,USD,2023-05-30 02:00:00,erp_export_v1.csv,WEST,2356
2023-05-29,S003,C003,49,,80,USD,2023-05-30 02:00:00,erp_export_v1.csv,WEST,1978
2023-05-29,S004,C003,70,,101,USD,2023-05-30 02:00:00,erp_export_v1.csv,WEST,1664
2023-05-29,S005,C003,75,,113,USD,2023-05-30 02:00:00,erp_export_v1.csv,WEST,805
2023-06-05,S001,C001,32,,63,USD,2023-06-06 02:00:00,erp_export_v1.csv,EAST,1259
2023-06-05,S002,C001,31,,86,USD,2023-06-06 02:00:00,erp_export_v1.csv,EAST,2364
2023-06-05,S003,C001,35,,88,USD,2023-06-06 02:00:00,erp_export_v1.csv,EAST,1928
2023-06-05,S004,C001,47,,71,USD,2023-06-06 02:00:00,erp_export_v1.csv,EAST,1719
2023-06-05,S005,C001,48,,84,USD,2023-06-06 02:00:00,erp_export_v1.csv,EAST,803
2023-06-05,S001,C002,42,,65,USD,2023-06-06 02:00:00,erp_export_v1.csv,NORTH,1232
2023-06-05,S002,C002,40,,82,USD,2023-06-06 02:00:00,erp_export_v1.csv,NORTH,2369
2023-06-05,S003,C002,47,,74,USD,2023-06-06 02:00:00,erp_export_v1.csv,NORTH,1993
2023-06-05,S004,C002,53,,81,USD,2023-06-06 02:00:00,erp_export_v1.csv,NORTH,1693
2023-06-05,S005,C002,67,,111,USD,2023-06-06 02:00:00,erp_export_v1.csv,NORTH,819
2023-06-05,S001,C003,44,,78,USD,2023-06-06 02:00:00,erp_export_v1.csv,WEST,1238
2023-06-05,S002,C003,46,,92,USD,2023-06-06 02:00:00,erp_export_v1.csv,WEST,2370
2023-06-05,S003,C003,42,,72,USD,2023-06-06 02:00:00,erp_export_v1.csv,WEST,1952
2023-06-05,S004,C003,82,,121,USD,2023-06-06 02:00:00,erp_export_v1.csv,WEST,1664
2023-06-05,S005,C003,76,,111,USD,2023-06-06 02:00:00,erp_export_v1.csv,WEST,802
2023-06-12,S001,C001,30,,87,USD,2023-06-13 02:00:00,erp_export_v1.csv,EAST,1267
2023-06-12,S002,C001,32,,59,USD,2023-06-13 02:00:00,erp_export_v1.csv,EAST,2401
2023-06-12,S003,C001,46,,70,USD,2023-06-13 02:00:00,erp_export_v1.csv,EAST,1976
2023-06-12,S004,C001,45,,70,USD,2023-06-13 02:00:00,erp_export_v1.csv,EAST,1674
2023-06-12,S005,C001,36,,87,USD,2023-06-13 02:00:00,erp_export_v1.csv,EAST,801
2023-06-12,S001,C002,40,,75,USD,2023-06-13 02:00:00,erp_export_v1.csv,NORTH,1261
2023-06-12,S002,C002,38,,78,USD,2023-06-13 02:00:00,erp_export_v1.csv,NORTH,2378
2023-06-12,S003,C002,40,,70,USD,2023-06-13 02:00:00,erp_export_v1.csv,NORTH,1991
2023-06-12,S004,C002,46,,85,USD,2023-06-13 02:00:00,erp_export_v1.csv,NORTH,1709
2023-06-12,S005,C002,53,,106,USD,2023-06-13 02:00:00,erp_export_v1.csv,NORTH,826
2023-06-12,S001,C003,52,,96,USD,2023-06-13 02:00:00,erp_export_v1.csv,WEST,1261
2023-06-12,S002,C003,49,,83,USD,2023-06-13 02:00:00,erp_export_v1.csv,WEST,2391
2023-06-12,S003,C003,62,,95,USD,2023-06-13 02:00:00,erp_export_v1.csv,WEST,1979
2023-06-12,S004,C003,70,,113,USD,2023-06-13 02:00:00,erp_export_v1.csv,WEST,1684
2023-06-12,S005,C003,65,,92,USD,2023-06-13 02:00:00,erp_export_v1.csv,WEST,798
2023-06-19,S001,C001,18,,64,USD,2023-06-20 02:00:00,erp_export_v1.csv,EAST,1228
2023-06-19,S002,C001,25,,46,USD,2023-06-20 02:00:00,erp_export_v1.csv,EAST,2422
2023-06-19,S003,C001,42,,99,USD,2023-06-20 02:00:00,erp_export_v1.csv,EAST,1945
2023-06-19,S004,C001,53,,85,USD,2023-06-20 02:00:00,erp_export_v1.csv,EAST,1557
2023-06-19,S005,C001,32,,52,USD,2023-06-20 02:00:00,erp_export_v1.csv,EAST,820
2023-06-19,S001,C002,24,,71,USD,2023-06-20 02:00:00,erp_export_v1.csv,NORTH,1240
2023-06-19,S002,C002,35,,93,USD,2023-06-20 02:00:00,erp_export_v1.csv,NORTH,2446
2023-06-19,S003,C002,55,,112,USD,2023-06-20 02:00:00,erp_export_v1.csv,NORTH,1774
2023-06-19,S004,C002,44,,95,USD,2023-06-20 02:00:00,erp_export_v1.csv,NORTH,1719
2023-06-19,S005,C002,54,,94,USD,2023-06-20 02:00:00,erp_export_v1.csv,NORTH,803
2023-06-19,S001,C003,42,,84,USD,2023-06-20 02:00:00,erp_export_v1.csv,WEST,1126
2023-06-19,S002,C003,54,,97,USD,2023-06-20 02:00:00,erp_export_v1.csv,WEST,2407
2023-06-19,S003,C003,80,,121,USD,2023-06-20 02:00:00,erp_export_v1.csv,WEST,1760
2023-06-19,S004,C003,61,,115,USD,2023-06-20 02:00:00,erp_export_v1.csv,WEST,1692
2023-06-19,S005,C003,58,,90,USD,2023-06-20 02:00:00,erp_export_v1.csv,WEST,801
2023-06-26,S001,C001,39,,77,USD,2023-06-27 02:00:00,erp_export_v1.csv,EAST,1105
2023-06-26,S002,C001,43,,82,USD,2023-06-27 02:00:00,erp_export_v1.csv,EAST,2169
2023-06-26,S003,C001,44,,69,USD,2023-06-27 02:00:00,erp_export_v1.csv,EAST,1767
2023-06-26,S004,C001,62,,85,USD,2023-06-27 02:00:00,erp_export_v1.csv,EAST,1542
2023-06-26,S005,C001,34,,58,USD,2023-06-27 02:00:00,erp_export_v1.csv,EAST,796
2023-06-26,S001,C002,39,,85,USD,2023-06-27 02:00:00,erp_export_v1.csv,NORTH,1232
2023-06-26,S002,C002,38,,92,USD,2023-06-27 02:00:00,erp_export_v1.csv,NORTH,2409
2023-06-26,S003,C002,51,,104,USD,2023-06-27 02:00:00,erp_export_v1.csv,NORTH,1796
2023-06-26,S004,C002,61,,85,USD,2023-06-27 02:00:00,erp_export_v1.csv,NORTH,1687
2023-06-26,S005,C002,84,,114,USD,2023-06-27 02:00:00,erp_export_v1.csv,NORTH,734
2023-06-26,S001,C003,56,,78,USD,2023-06-27 02:00:00,erp_export_v1.csv,WEST,1131
2023-06-26,S002,C003,41,,84,USD,2023-06-27 02:00:00,erp_export_v1.csv,WEST,2434
2023-06-26,S003,C003,60,,107,USD,2023-06-27 02:00:00,erp_export_v1.csv,WEST,1756
2023-06-26,S004,C003,74,,122,USD,2023-06-27 02:00:00,erp_export_v1.csv,WEST,1556
2023-06-26,S005,C003,61,,92,USD,2023-06-27 02:00:00,erp_export_v1.csv,WEST,812
2023-07-03,S001,C001,35,,71,USD,2023-07-04 02:00:00,erp_export_v1.csv,EAST,1141
2023-07-03,S002,C001,34,,61,USD,2023-07-04 02:00:00,erp_export_v1.csv,EAST,2168
2023-07-03,S003,C001,65,,97,USD,2023-07-04 02:00:00,erp_export_v1.csv,EAST,1795
2023-07-03,S004,C001,43,,81,USD,2023-07-04 02:00:00,erp_export_v1.csv,EAST,1726
2023-07-03,S005,C001,45,,100,USD,2023-07-04 02:00:00,erp_export_v1.csv,EAST,811
2023-07-03,S001,C002,33,,72,USD,2023-07-04 02:00:00,erp_export_v1.csv,NORTH,1225
2023-07-03,S002,C002,40,,76,USD,2023-07-04 02:00:00,erp_export_v1.csv,NORTH,2136
2023-07-03,S003,C002,46,,99,USD,2023-07-04 02:00:00,erp_export_v1.csv,NORTH,2000
2023-07-03,S004,C002,51,,73,USD,2023-07-04 02:00:00,erp_export_v1.csv,NORTH,1518
2023-07-03,S005,C002,69,,99,USD,2023-07-04 02:00:00,erp_export_v1.csv,NORTH,719
2023-07-03,S001,C003,33,,60,USD,2023-07-04 02:00:00,erp_export_v1.csv,WEST,1271
2023-07-03,S002,C003,39,,64,USD,2023-07-04 02:00:00,erp_export_v1.csv,WEST,2392
2023-07-03,S003,C003,64,,120,USD,2023-07-04 02:00:00,erp_export_v1.csv,WEST,1791
2023-07-03,S004,C003,82,,131,USD,2023-07-04 02:00:00,erp_export_v1.csv,WEST,1548
2023-07-03,S005,C003,75,,131,USD,2023-07-04 02:00:00,erp_export_v1.csv,WEST,813
2023-07-10,S001,C001,37,,95,USD,2023-07-11 02:00:00,erp_export_v1.csv,EAST,1105
2023-07-10,S002,C001,28,,73,USD,2023-07-11 02:00:00,erp_export_v1.csv,EAST,2412
2023-07-10,S003,C001,54,,102,USD,2023-07-11 02:00:00,erp_export_v1.csv,EAST,1766
2023-07-10,S004,C001,45,,83,USD,2023-07-11 02:00:00,erp_export_v1.csv,EAST,1717
2023-07-10,S005,C001,40,,87,USD,2023-07-11 02:00:00,erp_export_v1.csv,EAST,817
2023-07-10,S001,C002,37,,84,USD,2023-07-11 02:00:00,erp_export_v1.csv,NORTH,1261
2023-07-10,S002,C002,52,,95,USD,2023-07-11 02:00:00,erp_export_v1.csv,NORTH,2146
2023-07-10,S003,C002,46,,97,USD,2023-07-11 02:00:00,erp_export_v1.csv,NORTH,1962
2023-07-10,S004,C002,55,,104,USD,2023-07-11 02:00:00,erp_export_v1.csv,NORTH,1533
2023-07-10,S005,C002,44,,88,USD,2023-07-11 02:00:00,erp_export_v1.csv,NORTH,818
2023-07-10,S001,C003,25,,82,USD,2023-07-11 02:00:00,erp_export_v1.csv,WEST,1247
2023-07-10,S002,C003,45,,80,USD,2023-07-11 02:00:00,erp_export_v1.csv,WEST,2403
2023-07-10,S003,C003,51,,86,USD,2023-07-11 02:00:00,erp_export_v1.csv,WEST,1957
2023-07-10,S004,C003,56,,89,USD,2023-07-11 02:00:00,erp_export_v1.csv,WEST,1515
2023-07-10,S005,C003,63,,108,USD,2023-07-11 02:00:00,erp_export_v1.csv,WEST,818
2023-07-17,S001,C001,28,,50,USD,2023-07-18 02:00:00,erp_export_v1.csv,EAST,1230
2023-07-17,S002,C001,36,,95,USD,2023-07-18 02:00:00,erp_export_v1.csv,EAST,2412
2023-07-17,S003,C001,51,,110,USD,2023-07-18 02:00:00,erp_export_v1.csv,EAST,1977
2023-07-17,S004,C001,55,,81,USD,2023-07-18 02:00:00,erp_export_v1.csv,EAST,1683
2023-07-17,S005,C001,49,,100,USD,2023-07-18 02:00:00,erp_export_v1.csv,EAST,814
2023-07-17,S001,C002,42,,80,USD,2023-07-18 02:00:00,erp_export_v1.csv,NORTH,1251
2023-07-17,S002,C002,59,,106,USD,2023-07-18 02:00:00,erp_export_v1.csv,NORTH,2152
2023-07-17,S003,C002,45,,81,USD,2023-07-18 02:00:00,erp_export_v1.csv,NORTH,1961
2023-07-17,S004,C002,63,,95,USD,2023-07-18 02:00:00,erp_export_v1.csv,NORTH,1726
2023-07-17,S005,C002,66,,92,USD,2023-07-18 02:00:00,erp_export_v1.csv,NORTH,801
2023-07-17,S001,C003,35,,55,USD,2023-07-18 02:00:00,erp_export_v1.csv,WEST,1254
2023-07-17,S002,C003,45,,102,USD,2023-07-18 02:00:00,erp_export_v1.csv,WEST,2412
2023-07-17,S003,C003,61,,102,USD,2023-07-18 02:00:00,erp_export_v1.csv,WEST,1969
2023-07-17,S004,C003,69,,91,USD,2023-07-18 02:00:00,erp_export_v1.csv,WEST,1725
2023-07-17,S005,C003,84,,112,USD,2023-07-18 02:00:00,erp_export_v1.csv,WEST,797
2023-07-24,S001,C001,19,,58,USD,2023-07-25 02:00:00,erp_export_v1.csv,EAST,1253
2023-07-24,S002,C001,28,,55,USD,2023-07-25 02:00:00,erp_export_v1.csv,EAST,2442
2023-07-24,S003,C001,32,,70,USD,2023-07-25 02:00:00,erp_export_v1.csv,EAST,1994
2023-07-24,S004,C001,33,,81,USD,2023-07-25 02:00:00,erp_export_v1.csv,EAST,1710
2023-07-24,S005,C001,28,,75,USD,2023-07-25 02:00:00,erp_export_v1.csv,EAST,798
2023-07-24,S001,C002,35,,78,USD,2023-07-25 02:00:00,erp_export_v1.csv,NORTH,1240
2023-07-24,S002,C002,39,,85,USD,2023-07-25 02:00:00,erp_export_v1.csv,NORTH,2440
2023-07-24,S003,C002,31,,72,USD,2023-07-25 02:00:00,erp_export_v1.csv,NORTH,1985
2023-07-24,S004,C002,49,,95,USD,2023-07-25 02:00:00,erp_export_v1.csv,NORTH,1698
2023-07-24,S005,C002,50,,91,USD,2023-07-25 02:00:00,erp_export_v1.csv,NORTH,819
2023-07-24,S001,C003,35,,66,USD,2023-07-25 02:00:00,erp_export_v1.csv,WEST,1267
2023-07-24,S002,C003,34,,58,USD,2023-07-25 02:00:00,erp_export_v1.csv,WEST,2379
2023-07-24,S003,C003,35,,62,USD,2023-07-25 02:00:00,erp_export_v1.csv,WEST,1956
2023-07-24,S004,C003,53,,107,USD,2023-07-25 02:00:00,erp_export_v1.csv,WEST,1668
2023-07-24,S005,C003,54,,83,USD,2023-07-25 02:00:00,erp_export_v1.csv,WEST,817
2023-07-31,S001,C001,15,,35,USD,2023-08-01 02:00:00,erp_export_v1.csv,EAST,1256
2023-07-31,S002,C001,28,,56,USD,2023-08-01 02:00:00,erp_export_v1.csv,EAST,2389
2023-07-31,S003,C001,37,,69,USD,2023-08-01 02:00:00,erp_export_v1.csv,EAST,1937
2023-07-31,S004,C001,34,,91,USD,2023-08-01 02:00:00,erp_export_v1.csv,EAST,1688
2023-07-31,S005,C001,48,,76,USD,2023-08-01 02:00:00,erp_export_v1.csv,EAST,803
2023-07-31,S001,C002,26,,71,USD,2023-08-01 02:00:00,erp_export_v1.csv,NORTH,1241
2023-07-31,S002,C002,40,,71,USD,2023-08-01 02:00:00,erp_export_v1.csv,NORTH,2404
2023-07-31,S003,C002,38,,85,USD,2023-08-01 02:00:00,erp_export_v1.csv,NORTH,1986
2023-07-31,S004,C002,42,,70,USD,2023-08-01 02:00:00,erp_export_v1.csv,NORTH,1688
2023-07-31,S005,C002,48,,87,USD,2023-08-01 02:00:00,erp_export_v1.csv,NORTH,827
2023-07-31,S001,C003,35,,82,USD,2023-08-01 02:00:00,erp_export_v1.csv,WEST,1236
2023-07-31,S002,C003,39,,89,USD,2023-08-01 02:00:00,erp_export_v1.csv,WEST,2410
2023-07-31,S003,C003,40,,82,USD,2023-08-01 02:00:00,erp_export_v1.csv,WEST,1963
2023-07-31,S004,C003,54,,79,USD,2023-08-01 02:00:00,erp_export_v1.csv,WEST,1722
2023-07-31,S005,C003,59,,93,USD,2023-08-01 02:00:00,erp_export_v1.csv,WEST,806
2023-08-07,S001,C001,23,,67,USD,2023-08-08 02:00:00,erp_export_v1.csv,EAST,1244
2023-08-07,S002,C001,24,,65,USD,2023-08-08 02:00:00,erp_export_v1.csv,EAST,2443
2023-08-07,S003,C001,35,,81,USD,2023-08-08 02:00:00,erp_export_v1.csv,EAST,1978
2023-08-07,S004,C001,23,,52,USD,2023-08-08 02:00:00,erp_export_v1.csv,EAST,1708
2023-08-07,S005,C001,35,,58,USD,2023-08-08 02:00:00,erp_export_v1.csv,EAST,800
2023-08-07,S001,C002,21,,73,USD,2023-08-08 02:00:00,erp_export_v1.csv,NORTH,1228
2023-08-07,S002,C002,31,,62,USD,2023-08-08 02:00:00,erp_export_v1.csv,NORTH,2418
2023-08-07,S003,C002,46,,89,USD,2023-08-08 02:00:00,erp_export_v1.csv,NORTH,1975
2023-08-07,S004,C002,34,,81,USD,2023-08-08 02:00:00,erp_export_v1.csv,NORTH,1686
2023-08-07,S005,C002,49,,83,USD,2023-08-08 02:00:00,erp_export_v1.csv,NORTH,801
2023-08-07,S001,C003,27,,58,USD,2023-08-08 02:00:00,erp_export_v1.csv,WEST,1227
2023-08-07,S002,C003,44,,95,USD,2023-08-08 02:00:00,erp_export_v1.csv,WEST,2365
2023-08-07,S003,C003,38,,96,USD,2023-08-08 02:00:00,erp_export_v1.csv,WEST,1976
2023-08-07,S004,C003,41,,100,USD,2023-08-08 02:00:00,erp_export_v1.csv,WEST,1675
2023-08-07,S005,C003,46,,97,USD,2023-08-08 02:00:00,erp_export_v1.csv,WEST,820
2023-08-14,S001,C001,34,,85,USD,2023-08-15 02:00:00,erp_export_v1.csv,EAST,1145
2023-08-14,S002,C001,32,,77,USD,2023-08-15 02:00:00,erp_export_v1.csv,EAST,2376
2023-08-14,S003,C001,43,,93,USD,2023-08-15 02:00:00,erp_export_v1.csv,EAST,1795
2023-08-14,S004,C001,49,,76,USD,2023-08-15 02:00:00,erp_export_v1.csv,EAST,1530
2023-08-14,S005,C001,42,,71,USD,2023-08-15 02:00:00,erp_export_v1.csv,EAST,813
2023-08-14,S001,C002,20,,57,USD,2023-08-15 02:00:00,erp_export_v1.csv,NORTH,1241
2023-08-14,S002,C002,29,,54,USD,2023-08-15 02:00:00,erp_export_v1.csv,NORTH,2425
2023-08-14,S003,C002,53,,99,USD,2023-08-15 02:00:00,erp_export_v1.csv,NORTH,1769
2023-08-14,S004,C002,49,,89,USD,2023-08-15 02:00:00,erp_export_v1.csv,NORTH,1665
2023-08-14,S005,C002,51,,73,USD,2023-08-15 02:00:00,erp_export_v1.csv,NORTH,827
2023-08-14,S001,C003,39,,59,USD,2023-08-15 02:00:00,erp_export_v1.csv,WEST,1146
2023-08-14,S002,C003,45,,91,USD,2023-08-15 02:00:00,erp_export_v1.csv,WEST,2145
2023-08-14,S003,C003,41,,100,USD,2023-08-15 02:00:00,erp_export_v1.csv,WEST,1941
2023-08-14,S004,C003,39,,75,USD,2023-08-15 02:00:00,erp_export_v1.csv,WEST,1720
2023-08-14,S005,C003,47,,72,USD,2023-08-15 02:00:00,erp_export_v1.csv,WEST,801
2023-08-21,S001,C001,27,,67,USD,2023-08-22 02:00:00,erp_export_v1.csv,EAST,1104
2023-08-21,S002,C001,29,,88,USD,2023-08-22 02:00:00,erp_export_v1.csv,EAST,2441
2023-08-21,S003,C001,44,,93,USD,2023-08-22 02:00:00,erp_export_v1.csv,EAST,1756
2023-08-21,S004,C001,43,,88,USD,2023-08-22 02:00:00,erp_export_v1.csv,EAST,1498
2023-08-21,S005,C001,54,,86,USD,2023-08-22 02:00:00,erp_export_v1.csv,EAST,745
2023-08-21,S001,C002,36,,77,USD,2023-08-22 02:00:00,erp_export_v1.csv,NORTH,1130
2023-08-21,S002,C002,40,,92,USD,2023-08-22 02:00:00,erp_export_v1.csv,NORTH,2142
2023-08-21,S003,C002,39,,71,USD,2023-08-22 02:00:00,erp_export_v1.csv,NORTH,1761
2023-08-21,S004,C002,36,,93,USD,2023-08-22 02:00:00,erp_export_v1.csv,NORTH,1706
2023-08-21,S005,C002,51,,72,USD,2023-08-22 02:00:00,erp_export_v1.csv,NORTH,823
2023-08-21,S001,C003,32,,72,USD,2023-08-22 02:00:00,erp_export_v1.csv,WEST,1118
2023-08-21,S002,C003,43,,77,USD,2023-08-22 02:00:00,erp_export_v1.csv,WEST,2185
2023-08-21,S003,C003,34,,80,USD,2023-08-22 02:00:00,erp_export_v1.csv,WEST,1928
2023-08-21,S004,C003,52,,75,USD,2023-08-22 02:00:00,erp_export_v1.csv,WEST,1514
2023-08-21,S005,C003,49,,105,USD,2023-08-22 02:00:00,erp_export_v1.csv,WEST,816
2023-08-28,S001,C001,26,,76,USD,2023-08-29 02:00:00,erp_export_v1.csv,EAST,1133
2023-08-28,S002,C001,24,,53,USD,2023-08-29 02:00:00,erp_export_v1.csv,EAST,2424
2023-08-28,S003,C001,35,,67,USD,2023-08-29 02:00:00,erp_export_v1.csv,EAST,1968
2023-08-28,S004,C001,32,,66,USD,2023-08-29 02:00:00,erp_export_v1.csv,EAST,1529
2023-08-28,S005,C001,48,,101,USD,2023-08-29 02:00:00,erp_export_v1.csv,EAST,740
2023-08-28,S001,C002,35,,81,USD,2023-08-29 02:00:00,erp_export_v1.csv,NORTH,1140
2023-08-28,S002,C002,38,,74,USD,2023-08-29 02:00:00,erp_export_v1.csv,NORTH,2170
2023-08-28,S003,C002,59,,85,USD,2023-08-29 02:00:00,erp_export_v1.csv,NORTH,1768
2023-08-28,S004,C002,35,,91,USD,2023-08-29 02:00:00,erp_export_v1.csv,NORTH,1707
2023-08-28,S005,C002,52,,111,USD,2023-08-29 02:00:00,erp_export_v1.csv,NORTH,815
2023-08-28,S001,C003,41,,76,USD,2023-08-29 02:00:00,erp_export_v1.csv,WEST,1142
2023-08-28,S002,C003,40,,87,USD,2023-08-29 02:00:00,erp_export_v1.csv,WEST,2384
2023-08-28,S003,C003,33,,83,USD,2023-08-29 02:00:00,erp_export_v1.csv,WEST,1969
2023-08-28,S004,C003,64,,85,USD,2023-08-29 02:00:00,erp_export_v1.csv,WEST,1533
2023-08-28,S005,C003,43,,75,USD,2023-08-29 02:00:00,erp_export_v1.csv,WEST,823
2023-09-04,S001,C001,17,,46,USD,2023-09-05 02:00:00,erp_export_v1.csv,EAST,1270
2023-09-04,S002,C001,27,,71,USD,2023-09-05 02:00:00,erp_export_v1.csv,EAST,2385
2023-09-04,S003,C001,26,,72,USD,2023-09-05 02:00:00,erp_export_v1.csv,EAST,1947
2023-09-04,S004,C001,30,,55,USD,2023-09-05 02:00:00,erp_export_v1.csv,EAST,1715
2023-09-04,S005,C001,36,,64,USD,2023-09-05 02:00:00,erp_export_v1.csv,EAST,743
2023-09-04,S001,C002,24,,45,USD,2023-09-05 02:00:00,erp_export_v1.csv,NORTH,1258
2023-09-04,S002,C002,25,,48,USD,2023-09-05 02:00:00,erp_export_v1.csv,NORTH,2426
2023-09-04,S003,C002,29,,83,USD,2023-09-05 02:00:00,erp_export_v1.csv,NORTH,1984
2023-09-04,S004,C002,41,,71,USD,2023-09-05 02:00:00,erp_export_v1.csv,NORTH,1697
2023-09-04,S005,C002,42,,87,USD,2023-09-05 02:00:00,erp_export_v1.csv,NORTH,798
2023-09-04,S001,C003,24,,69,USD,2023-09-05 02:00:00,erp_export_v1.csv,WEST,1240
2023-09-04,S002,C003,27,,86,USD,2023-09-05 02:00:00,erp_export_v1.csv,WEST,2405
2023-09-04,S003,C003,30,,72,USD,2023-09-05 02:00:00,erp_export_v1.csv,WEST,1935
2023-09-04,S004,C003,48,,73,USD,2023-09-05 02:00:00,erp_export_v1.csv,WEST,1528
2023-09-04,S005,C003,38,,61,USD,2023-09-05 02:00:00,erp_export_v1.csv,WEST,821
2023-09-11,S001,C001,22,,69,USD,2023-09-12 02:00:00,erp_export_v1.csv,EAST,1238
2023-09-11,S002,C001,27,,70,USD,2023-09-12 02:00:00,erp_export_v1.csv,EAST,2441
2023-09-11,S003,C001,28,,82,USD,2023-09-12 02:00:00,erp_export_v1.csv,EAST,1967
2023-09-11,S004,C001,41,,81,USD,2023-09-12 02:00:00,erp_export_v1.csv,EAST,1698
2023-09-11,S005,C001,39,,83,USD,2023-09-12 02:00:00,erp_export_v1.csv,EAST,810
2023-09-11,S001,C002,24,,49,USD,2023-09-12 02:00:00,erp_export_v1.csv,NORTH,1258
2023-09-11,S002,C002,39,,66,USD,2023-09-12 02:00:00,erp_export_v1.csv,NORTH,2449
2023-09-11,S003,C002,26,,62,USD,2023-09-12 02:00:00,erp_export_v1.csv,NORTH,1946
2023-09-11,S004,C002,46,,72,USD,2023-09-12 02:00:00,erp_export_v1.csv,NORTH,1703
2023-09-11,S005,C002,38,,73,USD,2023-09-12 02:00:00,erp_export_v1.csv,NORTH,824
2023-09-11,S001,C003,30,,63,USD,2023-09-12 02:00:00,erp_export_v1.csv,WEST,1252
2023-09-11,S002,C003,48,,98,USD,2023-09-12 02:00:00,erp_export_v1.csv,WEST,2431
2023-09-11,S003,C003,41,,88,USD,2023-09-12 02:00:00,erp_export_v1.csv,WEST,1930
2023-09-11,S004,C003,55,,80,USD,2023-09-12 02:00:00,erp_export_v1.csv,WEST,1708
2023-09-11,S005,C003,66,,97,USD,2023-09-12 02:00:00,erp_export_v1.csv,WEST,806
2023-09-18,S001,C001,20,,67,USD,2023-09-19 02:00:00,erp_export_v1.csv,EAST,1235
2023-09-18,S002,C001,23,,75,USD,2023-09-19 02:00:00,erp_export_v1.csv,EAST,2356
2023-09-18,S003,C001,19,,70,USD,2023-09-19 02:00:00,erp_export_v1.csv,EAST,1926
2023-09-18,S004,C001,23,,57,USD,2023-09-19 02:00:00,erp_export_v1.csv,EAST,1707
2023-09-18,S005,C001,26,,77,USD,2023-09-19 02:00:00,erp_export_v1.csv,EAST,826
2023-09-18,S001,C002,27,,69,USD,2023-09-19 02:00:00,erp_export_v1.csv,NORTH,1266
2023-09-18,S002,C002,32,,83,USD,2023-09-19 02:00:00,erp_export_v1.csv,NORTH,2434
2023-09-18,S003,C002,35,,81,USD,2023-09-19 02:00:00,erp_export_v1.csv,NORTH,1969
2023-09-18,S004,C002,22,,56,USD,2023-09-19 02:00:00,erp_export_v1.csv,NORTH,1726
2023-09-18,S005,C002,43,,89,USD,2023-09-19 02:00:00,erp_export_v1.csv,NORTH,812
2023-09-18,S001,C003,23,,69,USD,2023-09-19 02:00:00,erp_export_v1.csv,WEST,1265
2023-09-18,S002,C003,28,,72,USD,2023-09-19 02:00:00,erp_export_v1.csv,WEST,2390
2023-09-18,S003,C003,36,,61,USD,2023-09-19 02:00:00,erp_export_v1.csv,WEST,1925
2023-09-18,S004,C003,46,,88,USD,2023-09-19 02:00:00,erp_export_v1.csv,WEST,1676
2023-09-18,S005,C003,43,,71,USD,2023-09-19 02:00:00,erp_export_v1.csv,WEST,797
2023-09-25,S001,C001,18,,65,USD,2023-09-26 02:00:00,erp_export_v1.csv,EAST,1265
2023-09-25,S002,C001,20,,67,USD,2023-09-26 02:00:00,erp_export_v1.csv,EAST,2414
2023-09-25,S003,C001,31,,87,USD,2023-09-26 02:00:00,erp_export_v1.csv,EAST,1939
2023-09-25,S004,C001,26,,72,USD,2023-09-26 02:00:00,erp_export_v1.csv,EAST,1696
2023-09-25,S005,C001,32,,83,USD,2023-09-26 02:00:00,erp_export_v1.csv,EAST,828
2023-09-25,S001,C002,13,,70,USD,2023-09-26 02:00:00,erp_export_v1.csv,NORTH,1267
2023-09-25,S002,C002,22,,46,USD,2023-09-26 02:00:00,erp_export_v1.csv,NORTH,2378
2023-09-25,S003,C002,29,,74,USD,2023-09-26 02:00:00,erp_export_v1.csv,NORTH,1996
2023-09-25,S004,C002,30,,50,USD,2023-09-26 02:00:00,erp_export_v1.csv,NORTH,1664
2023-09-25,S005,C002,43,,97,USD,2023-09-26 02:00:00,erp_export_v1.csv,NORTH,822
2023-09-25,S001,C003,30,,55,USD,2023-09-26 02:00:00,erp_export_v1.csv,WEST,1234
2023-09-25,S002,C003,28,,79,USD,2023-09-26 02:00:00,erp_export_v1.csv,WEST,2366
2023-09-25,S003,C003,45,,75,USD,2023-09-26 02:00:00,erp_export_v1.csv,WEST,1932
2023-09-25,S004,C003,55,,101,USD,2023-09-26 02:00:00,erp_export_v1.csv,WEST,1666
2023-09-25,S005,C003,46,,100,USD,2023-09-26 02:00:00,erp_export_v1.csv,WEST,808
2023-10-02,S001,C001,15,,40,USD,2023-10-03 02:00:00,erp_export_v1.csv,EAST,1228
2023-10-02,S002,C001,17,,56,USD,2023-10-03 02:00:00,erp_export_v1.csv,EAST,2447
2023-10-02,S003,C001,28,,64,USD,2023-10-03 02:00:00,erp_export_v1.csv,EAST,1948
2023-10-02,S004,C001,38,,93,USD,2023-10-03 02:00:00,erp_export_v1.csv,EAST,1702
2023-10-02,S005,C001,29,,66,USD,2023-10-03 02:00:00,erp_export_v1.csv,EAST,804
2023-10-02,S001,C002,19,,52,USD,2023-10-03 02:00:00,erp_export_v1.csv,NORTH,1262
2023-10-02,S002,C002,26,,61,USD,2023-10-03 02:00:00,erp_export_v1.csv,NORTH,2442
2023-10-02,S003,C002,39,,69,USD,2023-10-03 02:00:00,erp_export_v1.csv,NORTH,1964
2023-10-02,S004,C002,45,,74,USD,2023-10-03 02:00:00,erp_export_v1.csv,NORTH,1698
2023-10-02,S005,C002,33,,83,USD,2023-10-03 02:00:00,erp_export_v1.csv,NORTH,818
2023-10-02,S001,C003,28,,81,USD,2023-10-03 02:00:00,erp_export_v1.csv,WEST,1245
2023-10-02,S002,C003,29,,83,USD,2023-10-03 02:00:00,erp_export_v1.csv,WEST,2437
2023-10-02,S003,C003,29,,66,USD,2023-10-03 02:00:00,erp_export_v1.csv,WEST,1932
2023-10-02,S004,C003,54,,106,USD,2023-10-03 02:00:00,erp_export_v1.csv,WEST,1715
2023-10-02,S005,C003,49,,72,USD,2023-10-03 02:00:00,erp_export_v1.csv,WEST,826
2023-10-09,S001,C001,35,,56,USD,2023-10-10 02:00:00,erp_export_v1.csv,EAST,1129
2023-10-09,S002,C001,20,,46,USD,2023-10-10 02:00:00,erp_export_v1.csv,EAST,2449
2023-10-09,S003,C001,30,,71,USD,2023-10-10 02:00:00,erp_export_v1.csv,EAST,1962
2023-10-09,S004,C001,32,,77,USD,2023-10-10 02:00:00,erp_export_v1.csv,EAST,1729
2023-10-09,S005,C001,35,,94,USD,2023-10-10 02:00:00,erp_export_v1.csv,EAST,828
2023-10-09,S001,C002,29,,61,USD,2023-10-10 02:00:00,erp_export_v1.csv,NORTH,1264
2023-10-09,S002,C002,26,,57,USD,2023-10-10 02:00:00,erp_export_v1.csv,NORTH,2415
2023-10-09,S003,C002,35,,76,USD,2023-10-10 02:00:00,erp_export_v1.csv,NORTH,2000
2023-10-09,S004,C002,47,,86,USD,2023-10-10 02:00:00,erp_export_v1.csv,NORTH,1712
2023-10-09,S005,C002,61,,119,USD,2023-10-10 02:00:00,erp_export_v1.csv,NORTH,726
2023-10-09,S001,C003,24,,61,USD,2023-10-10 02:00:00,erp_export_v1.csv,WEST,1257
2023-10-09,S002,C003,38,,58,USD,2023-10-10 02:00:00,erp_export_v1.csv,WEST,2384
2023-10-09,S003,C003,39,,93,USD,2023-10-10 02:00:00,erp_export_v1.csv,WEST,1935
2023-10-09,S004,C003,40,,88,USD,2023-10-10 02:00:00,erp_export_v1.csv,WEST,1695
2023-10-09,S005,C003,64,,120,USD,2023-10-10 02:00:00,erp_export_v1.csv,WEST,735
2023-10-16,S001,C001,25,,45,USD,2023-10-17 02:00:00,erp_export_v1.csv,EAST,1120
2023-10-16,S002,C001,23,,61,USD,2023-10-17 02:00:00,erp_export_v1.csv,EAST,2425
2023-10-16,S003,C001,27,,75,USD,2023-10-17 02:00:00,erp_export_v1.csv,EAST,1993
2023-10-16,S004,C001,22,,51,USD,2023-10-17 02:00:00,erp_export_v1.csv,EAST,1709
2023-10-16,S005,C001,45,,86,USD,2023-10-17 02:00:00,erp_export_v1.csv,EAST,718
2023-10-16,S001,C002,29,,75,USD,2023-10-17 02:00:00,erp_export_v1.csv,NORTH,1268
2023-10-16,S002,C002,31,,80,USD,2023-10-17 02:00:00,erp_export_v1.csv,NORTH,2373
2023-10-16,S003,C002,38,,62,USD,2023-10-17 02:00:00,erp_export_v1.csv,NORTH,1999
2023-10-16,S004,C002,46,,77,USD,2023-10-17 02:00:00,erp_export_v1.csv,NORTH,1497
2023-10-16,S005,C002,52,,101,USD,2023-10-17 02:00:00,erp_export_v1.csv,NORTH,736
2023-10-16,S001,C003,41,,75,USD,2023-10-17 02:00:00,erp_export_v1.csv,WEST,1112
2023-10-16,S002,C003,29,,77,USD,2023-10-17 02:00:00,erp_export_v1.csv,WEST,2418
2023-10-16,S003,C003,45,,98,USD,2023-10-17 02:00:00,erp_export_v1.csv,WEST,1926
2023-10-16,S004,C003,38,,91,USD,2023-10-17 02:00:00,erp_export_v1.csv,WEST,1676
2023-10-16,S005,C003,76,,133,USD,2023-10-17 02:00:00,erp_export_v1.csv,WEST,740
2023-10-23,S001,C001,23,,69,USD,2023-10-24 02:00:00,erp_export_v1.csv,EAST,1119
2023-10-23,S002,C001,20,,68,USD,2023-10-24 02:00:00,erp_export_v1.csv,EAST,2413
2023-10-23,S003,C001,25,,56,USD,2023-10-24 02:00:00,erp_export_v1.csv,EAST,1971
2023-10-23,S004,C001,46,,101,USD,2023-10-24 02:00:00,erp_export_v1.csv,EAST,1515
2023-10-23,S005,C001,50,,82,USD,2023-10-24 02:00:00,erp_export_v1.csv,EAST,732
2023-10-23,S001,C002,23,,80,USD,2023-10-24 02:00:00,erp_export_v1.csv,NORTH,1246
2023-10-23,S002,C002,39,,65,USD,2023-10-24 02:00:00,erp_export_v1.csv,NORTH,2143
2023-10-23,S003,C002,46,,77,USD,2023-10-24 02:00:00,erp_export_v1.csv,NORTH,1762
2023-10-23,S004,C002,43,,83,USD,2023-10-24 02:00:00,erp_export_v1.csv,NORTH,1529
2023-10-23,S005,C002,50,,76,USD,2023-10-24 02:00:00,erp_export_v1.csv,NORTH,739
2023-10-23,S001,C003,38,,93,USD,2023-10-24 02:00:00,erp_export_v1.csv,WEST,1118
2023-10-23,S002,C003,34,,58,USD,2023-10-24 02:00:00,erp_export_v1.csv,WEST,2424
2023-10-23,S003,C003,45,,83,USD,2023-10-24 02:00:00,erp_export_v1.csv,WEST,1988
2023-10-23,S004,C003,40,,91,USD,2023-10-24 02:00:00,erp_export_v1.csv,WEST,1714
2023-10-23,S005,C003,58,,87,USD,2023-10-24 02:00:00,erp_export_v1.csv,WEST,723
2023-10-30,S001,C001,20,,40,USD,2023-10-31 02:00:00,erp_export_v1.csv,EAST,1226
2023-10-30,S002,C001,22,,55,USD,2023-10-31 02:00:00,erp_export_v1.csv,EAST,2359
2023-10-30,S003,C001,24,,66,USD,2023-10-31 02:00:00,erp_export_v1.csv,EAST,1985
2023-10-30,S004,C001,39,,71,USD,2023-10-31 02:00:00,erp_export_v1.csv,EAST,1547
2023-10-30,S005,C001,27,,73,USD,2023-10-31 02:00:00,erp_export_v1.csv,EAST,819
2023-10-30,S001,C002,18,,56,USD,2023-10-31 02:00:00,erp_export_v1.csv,NORTH,1230
2023-10-30,S002,C002,22,,56,USD,2023-10-31 02:00:00,erp_export_v1.csv,NORTH,2172
2023-10-30,S003,C002,48,,74,USD,2023-10-31 02:00:00,erp_export_v1.csv,NORTH,1757
2023-10-30,S004,C002,54,,105,USD,2023-10-31 02:00:00,erp_export_v1.csv,NORTH,1550
2023-10-30,S005,C002,35,,92,USD,2023-10-31 02:00:00,erp_export_v1.csv,NORTH,811
2023-10-30,S001,C003,22,,48,USD,2023-10-31 02:00:00,erp_export_v1.csv,WEST,1121
2023-10-30,S002,C003,33,,61,USD,2023-10-31 02:00:00,erp_export_v1.csv,WEST,2420
2023-10-30,S003,C003,39,,77,USD,2023-10-31 02:00:00,erp_export_v1.csv,WEST,1945
2023-10-30,S004,C003,49,,74,USD,2023-10-31 02:00:00,erp_export_v1.csv,WEST,1709
2023-10-30,S005,C003,51,,82,USD,2023-10-31 02:00:00,erp_export_v1.csv,WEST,827
2023-11-06,S001,C001,27,,49,USD,2023-11-07 02:00:00,erp_export_v1.csv,EAST,1261
2023-11-06,S002,C001,33,,82,USD,2023-11-07 02:00:00,erp_export_v1.csv,EAST,2404
2023-11-06,S003,C001,33,,69,USD,2023-11-07 02:00:00,erp_export_v1.csv,EAST,2003
2023-11-06,S004,C001,55,,83,USD,2023-11-07 02:00:00,erp_export_v1.csv,EAST,1551
2023-11-06,S005,C001,36,,92,USD,2023-11-07 02:00:00,erp_export_v1.csv,EAST,809
2023-11-06,S001,C002,28,,73,USD,2023-11-07 02:00:00,erp_export_v1.csv,NORTH,1261
2023-11-06,S002,C002,28,,56,USD,2023-11-07 02:00:00,erp_export_v1.csv,NORTH,2427
2023-11-06,S003,C002,48,,90,USD,2023-11-07 02:00:00,erp_export_v1.csv,NORTH,1985
2023-11-06,S004,C002,49,,84,USD,2023-11-07 02:00:00,erp_export_v1.csv,NORTH,1681
2023-11-06,S005,C002,67,,106,USD,2023-11-07 02:00:00,erp_export_v1.csv,NORTH,810
2023-11-06,S001,C003,30,,62,USD,2023-11-07 02:00:00,erp_export_v1.csv,WEST,1242
2023-11-06,S002,C003,47,,93,USD,2023-11-07 02:00:00,erp_export_v1.csv,WEST,2449
2023-11-06,S003,C003,40,,77,USD,2023-11-07 02:00:00,erp_export_v1.csv,WEST,1987
2023-11-06,S004,C003,51,,106,USD,2023-11-07 02:00:00,erp_export_v1.csv,WEST,1704
2023-11-06,S005,C003,55,,92,USD,2023-11-07 02:00:00,erp_export_v1.csv,WEST,817
2023-11-13,S001,C001,21,,50,USD,2023-11-14 02:00:00,erp_export_v1.csv,EAST,1271
2023-11-13,S002,C001,25,,73,USD,2023-11-14 02:00:00,erp_export_v1.csv,EAST,2370
2023-11-13,S003,C001,28,,79,USD,2023-11-14 02:00:00,erp_export_v1.csv,EAST,1948
2023-11-13,S004,C001,37,,64,USD,2023-11-14 02:00:00,erp_export_v1.csv,EAST,1675
2023-11-13,S005,C001,38,,76,USD,2023-11-14 02:00:00,erp_export_v1.csv,EAST,805
2023-11-13,S001,C002,38,,60,USD,2023-11-14 02:00:00,erp_export_v1.csv,NORTH,1259
2023-11-13,S002,C002,33,,92,USD,2023-11-14 02:00:00,erp_export_v1.csv,NORTH,2412
2023-11-13,S003,C002,33,,81,USD,2023-11-14 02:00:00,erp_export_v1.csv,NORTH,1941
2023-11-13,S004,C002,47,,101,USD,2023-11-14 02:00:00,erp_export_v1.csv,NORTH,1690
2023-11-13,S005,C002,62,,121,USD,2023-11-14 02:00:00,erp_export_v1.csv,NORTH,805
2023-11-13,S001,C003,29,,63,USD,2023-11-14 02:00:00,erp_export_v1.csv,WEST,1238
2023-11-13,S002,C003,36,,77,USD,2023-11-14 02:00:00,erp_export_v1.csv,WEST,2355
2023-11-13,S003,C003,36,,61,USD,2023-11-14 02:00:00,erp_export_v1.csv,WEST,1971
2023-11-13,S004,C003,46,,77,USD,2023-11-14 02:00:00,erp_export_v1.csv,WEST,1692
2023-11-13,S005,C003,56,,109,USD,2023-11-14 02:00:00,erp_export_v1.csv,WEST,817
2023-11-20,S001,C001,19,,39,USD,2023-11-21 02:00:00,erp_export_v1.csv,EAST,1234
2023-11-20,S002,C001,16,,54,USD,2023-11-21 02:00:00,erp_export_v1.csv,EAST,2379
2023-11-20,S003,C001,20,,66,USD,2023-11-21 02:00:00,erp_export_v1.csv,EAST,1976
2023-11-20,S004,C001,38,,61,USD,2023-11-21 02:00:00,erp_export_v1.csv,EAST,1680
2023-11-20,S005,C001,30,,74,USD,2023-11-21 02:00:00,erp_export_v1.csv,EAST,815
2023-11-20,S001,C002,28,,66,USD,2023-11-21 02:00:00,erp_export_v1.csv,NORTH,1265
2023-11-20,S002,C002,28,,51,USD,2023-11-21 02:00:00,erp_export_v1.csv,NORTH,2380
2023-11-20,S003,C002,30,,77,USD,2023-11-21 02:00:00,erp_export_v1.csv,NORTH,1971
2023-11-20,S004,C002,37,,79,USD,2023-11-21 02:00:00,erp_export_v1.csv,NORTH,1717
2023-11-20,S005,C002,38,,67,USD,2023-11-21 02:00:00,erp_export_v1.csv,NORTH,803
2023-11-20,S001,C003,27,,74,USD,2023-11-21 02:00:00,erp_export_v1.csv,WEST,1232
2023-11-20,S002,C003,31,,69,USD,2023-11-21 02:00:00,erp_export_v1.csv,WEST,2429
2023-11-20,S003,C003,43,,72,USD,2023-11-21 02:00:00,erp_export_v1.csv,WEST,1932
2023-11-20,S004,C003,48,,94,USD,2023-11-21 02:00:00,erp_export_v1.csv,WEST,1688
2023-11-20,S005,C003,58,,92,USD,2023-11-21 02:00:00,erp_export_v1.csv,WEST,816
2023-11-27,S001,C001,32,,91,USD,2023-11-28 02:00:00,erp_export_v1.csv,EAST,1235
2023-11-27,S002,C001,28,,75,USD,2023-11-28 02:00:00,erp_export_v1.csv,EAST,2355
2023-11-27,S003,C001,29,,86,USD,2023-11-28 02:00:00,erp_export_v1.csv,EAST,1950
2023-11-27,S004,C001,30,,59,USD,2023-11-28 02:00:00,erp_export_v1.csv,EAST,1692
2023-11-27,S005,C001,44,,79,USD,2023-11-28 02:00:00,erp_export_v1.csv,EAST,811
2023-11-27,S001,C002,33,,88,USD,2023-11-28 02:00:00,erp_export_v1.csv,NORTH,1259
2023-11-27,S002,C002,29,,51,USD,2023-11-28 02:00:00,erp_export_v1.csv,NORTH,2386
2023-11-27,S003,C002,39,,93,USD,2023-11-28 02:00:00,erp_export_v1.csv,NORTH,1948
2023-11-27,S004,C002,46,,94,USD,2023-11-28 02:00:00,erp_export_v1.csv,NORTH,1705
2023-11-27,S005,C002,41,,92,USD,2023-11-28 02:00:00,erp_export_v1.csv,NORTH,818
2023-11-27,S001,C003,39,,90,USD,2023-11-28 02:00:00,erp_export_v1.csv,WEST,1235
2023-11-27,S002,C003,31,,76,USD,2023-11-28 02:00:00,erp_export_v1.csv,WEST,2403
2023-11-27,S003,C003,43,,71,USD,2023-11-28 02:00:00,erp_export_v1.csv,WEST,1947
2023-11-27,S004,C003,53,,74,USD,2023-11-28 02:00:00,erp_export_v1.csv,WEST,1695
2023-11-27,S005,C003,50,,103,USD,2023-11-28 02:00:00,erp_export_v1.csv,WEST,803
2023-12-04,S001,C001,24,,69,USD,2023-12-05 02:00:00,erp_export_v1.csv,EAST,1230
2023-12-04,S002,C001,25,,67,USD,2023-12-05 02:00:00,erp_export_v1.csv,EAST,2377
2023-12-04,S003,C001,26,,70,USD,2023-12-05 02:00:00,erp_export_v1.csv,EAST,1927
2023-12-04,S004,C001,42,,66,USD,2023-12-05 02:00:00,erp_export_v1.csv,EAST,1673
2023-12-04,S005,C001,47,,70,USD,2023-12-05 02:00:00,erp_export_v1.csv,EAST,824
2023-12-04,S001,C002,19,,63,USD,2023-12-05 02:00:00,erp_export_v1.csv,NORTH,1225
2023-12-04,S002,C002,34,,72,USD,2023-12-05 02:00:00,erp_export_v1.csv,NORTH,2420
2023-12-04,S003,C002,38,,97,USD,2023-12-05 02:00:00,erp_export_v1.csv,NORTH,1988
2023-12-04,S004,C002,42,,84,USD,2023-12-05 02:00:00,erp_export_v1.csv,NORTH,1712
2023-12-04,S005,C002,59,,102,USD,2023-12-05 02:00:00,erp_export_v1.csv,NORTH,798
2023-12-04,S001,C003,51,,94,USD,2023-12-05 02:00:00,erp_export_v1.csv,WEST,1112
2023-12-04,S002,C003,34,,72,USD,2023-12-05 02:00:00,erp_export_v1.csv,WEST,2427
2023-12-04,S003,C003,46,,74,USD,2023-12-05 02:00:00,erp_export_v1.csv,WEST,1993
2023-12-04,S004,C003,48,,92,USD,2023-12-05 02:00:00,erp_export_v1.csv,WEST,1691
2023-12-04,S005,C003,56,,102,USD,2023-12-05 02:00:00,erp_export_v1.csv,WEST,807
2023-12-11,S001,C001,23,,54,USD,2023-12-12 02:00:00,erp_export_v1.csv,EAST,1266
2023-12-11,S002,C001,31,,87,USD,2023-12-12 02:00:00,erp_export_v1.csv,EAST,2363
2023-12-11,S003,C001,48,,94,USD,2023-12-12 02:00:00,erp_export_v1.csv,EAST,1766
2023-12-11,S004,C001,30,,70,USD,2023-12-12 02:00:00,erp_export_v1.csv,EAST,1722
2023-12-11,S005,C001,45,,89,USD,2023-12-12 02:00:00,erp_export_v1.csv,EAST,740
2023-12-11,S001,C002,34,,67,USD,2023-12-12 02:00:00,erp_export_v1.csv,NORTH,1235
2023-12-11,S002,C002,46,,99,USD,2023-12-12 02:00:00,erp_export_v1.csv,NORTH,2124
2023-12-11,S003,C002,45,,98,USD,2023-12-12 02:00:00,erp_export_v1.csv,NORTH,1990
2023-12-11,S004,C002,43,,99,USD,2023-12-12 02:00:00,erp_export_v1.csv,NORTH,1722
2023-12-11,S005,C002,42,,72,USD,2023-12-12 02:00:00,erp_export_v1.csv,NORTH,811
2023-12-11,S001,C003,64,,85,USD,2023-12-12 02:00:00,erp_export_v1.csv,WEST,1116
2023-12-11,S002,C003,52,,98,USD,2023-12-12 02:00:00,erp_export_v1.csv,WEST,2122
2023-12-11,S003,C003,41,,65,USD,2023-12-12 02:00:00,erp_export_v1.csv,WEST,1951
2023-12-11,S004,C003,75,,127,USD,2023-12-12 02:00:00,erp_export_v1.csv,WEST,1539
2023-12-11,S005,C003,69,,114,USD,2023-12-12 02:00:00,erp_export_v1.csv,WEST,818
2023-12-18,S001,C001,34,,90,USD,2023-12-19 02:00:00,erp_export_v1.csv,EAST,1121
2023-12-18,S002,C001,33,,86,USD,2023-12-19 02:00:00,erp_export_v1.csv,EAST,2138
2023-12-18,S003,C001,66,,93,USD,2023-12-19 02:00:00,erp_export_v1.csv,EAST,1794
2023-12-18,S004,C001,29,,76,USD,2023-12-19 02:00:00,erp_export_v1.csv,EAST,1707
2023-12-18,S005,C001,60,,106,USD,2023-12-19 02:00:00,erp_export_v1.csv,EAST,734
2023-12-18,S001,C002,33,,60,USD,2023-12-19 02:00:00,erp_export_v1.csv,NORTH,1269
2023-12-18,S002,C002,54,,75,USD,2023-12-19 02:00:00,erp_export_v1.csv,NORTH,2122
2023-12-18,S003,C002,65,,107,USD,2023-12-19 02:00:00,erp_export_v1.csv,NORTH,1752
2023-12-18,S004,C002,68,,120,USD,2023-12-19 02:00:00,erp_export_v1.csv,NORTH,1507
2023-12-18,S005,C002,72,,129,USD,2023-12-19 02:00:00,erp_export_v1.csv,NORTH,720
2023-12-18,S001,C003,57,,111,USD,2023-12-19 02:00:00,erp_export_v1.csv,WEST,1130
2023-12-18,S002,C003,69,,94,USD,2023-12-19 02:00:00,erp_export_v1.csv,WEST,2141
2023-12-18,S003,C003,63,,84,USD,2023-12-19 02:00:00,erp_export_v1.csv,WEST,1779
2023-12-18,S004,C003,84,,141,USD,2023-12-19 02:00:00,erp_export_v1.csv,WEST,1519
2023-12-18,S005,C003,63,,91,USD,2023-12-19 02:00:00,erp_export_v1.csv,WEST,809
2023-12-25,S001,C001,36,,93,USD,2023-12-26 02:00:00,erp_export_v1.csv,EAST,1111
2023-12-25,S002,C001,43,,99,USD,2023-12-26 02:00:00,erp_export_v1.csv,EAST,2201
2023-12-25,S003,C001,53,,96,USD,2023-12-26 02:00:00,erp_export_v1.csv,EAST,1742
2023-12-25,S004,C001,34,,66,USD,2023-12-26 02:00:00,erp_export_v1.csv,EAST,1680
2023-12-25,S005,C001,49,,104,USD,2023-12-26 02:00:00,erp_export_v1.csv,EAST,813
2023-12-25,S001,C002,38,,73,USD,2023-12-26 02:00:00,erp_export_v1.csv,NORTH,1241
2023-12-25,S002,C002,40,,93,USD,2023-12-26 02:00:00,erp_export_v1.csv,NORTH,2373
2023-12-25,S003,C002,71,,96,USD,2023-12-26 02:00:00,erp_export_v1.csv,NORTH,1771
2023-12-25,S004,C002,62,,95,USD,2023-12-26 02:00:00,erp_export_v1.csv,NORTH,1541
2023-12-25,S005,C002,81,,123,USD,2023-12-26 02:00:00,erp_export_v1.csv,NORTH,725
2023-12-25,S001,C003,26,,74,USD,2023-12-26 02:00:00,erp_export_v1.csv,WEST,1226
2023-12-25,S002,C003,37,,57,USD,2023-12-26 02:00:00,erp_export_v1.csv,WEST,2412
2023-12-25,S003,C003,75,,125,USD,2023-12-26 02:00:00,erp_export_v1.csv,WEST,1784
2023-12-25,S004,C003,49,,101,USD,2023-12-26 02:00:00,erp_export_v1.csv,WEST,1677
2023-12-25,S005,C003,65,,124,USD,2023-12-26 02:00:00,erp_export_v1.csv,WEST,826
2024-01-01,S001,C001,35,,88,USD,2024-01-02 02:00:00,erp_export_v1.csv,EAST,1252
2024-01-01,S002,C001,31,,68,USD,2024-01-02 02:00:00,erp_export_v1.csv,EAST,2384
2024-01-01,S003,C001,58,,102,USD,2024-01-02 02:00:00,erp_export_v1.csv,EAST,1987
2024-01-01,S004,C001,54,,108,USD,2024-01-02 02:00:00,erp_export_v1.csv,EAST,1730
2024-01-01,S005,C001,56,,81,USD,2024-01-02 02:00:00,erp_export_v1.csv,EAST,801
2024-01-01,S001,C002,34,,88,USD,2024-01-02 02:00:00,erp_export_v1.csv,NORTH,1226
2024-01-01,S002,C002,42,,88,USD,2024-01-02 02:00:00,erp_export_v1.csv,NORTH,2442
2024-01-01,S003,C002,49,,71,USD,2024-01-02 02:00:00,erp_export_v1.csv,NORTH,1949
2024-01-01,S004,C002,72,,125,USD,2024-01-02 02:00:00,erp_export_v1.csv,NORTH,1532
2024-01-01,S005,C002,79,,132,USD,2024-01-02 02:00:00,erp_export_v1.csv,NORTH,725
2024-01-01,S001,C003,44,,86,USD,2024-01-02 02:00:00,erp_export_v1.csv,WEST,1269
2024-01-01,S002,C003,42,,73,USD,2024-01-02 02:00:00,erp_export_v1.csv,WEST,2449
2024-01-01,S003,C003,75,,103,USD,2024-01-02 02:00:00,erp_export_v1.csv,WEST,1755
2024-01-01,S004,C003,62,,111,USD,2024-01-02 02:00:00,erp_export_v1.csv,WEST,1726
2024-01-01,S005,C003,87,,146,USD,2024-01-02 02:00:00,erp_export_v1.csv,WEST,808
2024-01-08,S001,C001,25,,74,USD,2024-01-09 02:00:00,erp_export_v1.csv,EAST,1263
2024-01-08,S002,C001,27,,82,USD,2024-01-09 02:00:00,erp_export_v1.csv,EAST,2370
2024-01-08,S003,C001,40,,81,USD,2024-01-09 02:00:00,erp_export_v1.csv,EAST,1969
2024-01-08,S004,C001,45,,103,USD,2024-01-09 02:00:00,erp_export_v1.csv,EAST,1693
2024-01-08,S005,C001,46,,89,USD,2024-01-09 02:00:00,erp_export_v1.csv,EAST,819
2024-01-08,S001,C002,28,,68,USD,2024-01-09 02:00:00,erp_export_v1.csv,NORTH,1253
2024-01-08,S002,C002,46,,78,USD,2024-01-09 02:00:00,erp_export_v1.csv,NORTH,2374
2024-01-08,S003,C002,55,,86,USD,2024-01-09 02:00:00,erp_export_v1.csv,NORTH,1940
2024-01-08,S004,C002,53,,91,USD,2024-01-09 02:00:00,erp_export_v1.csv,NORTH,1680
2024-01-08,S005,C002,58,,89,USD,2024-01-09 02:00:00,erp_export_v1.csv,NORTH,814
2024-01-08,S001,C003,45,,68,USD,2024-01-09 02:00:00,erp_export_v1.csv,WEST,1266
2024-01-08,S002,C003,50,,106,USD,2024-01-09 02:00:00,erp_export_v1.csv,WEST,2387
2024-01-08,S003,C003,44,,76,USD,2024-01-09 02:00:00,erp_export_v1.csv,WEST,1996
2024-01-08,S004,C003,54,,102,USD,2024-01-09 02:00:00,erp_export_v1.csv,WEST,1700
2024-01-08,S005,C003,64,,109,USD,2024-01-09 02:00:00,erp_export_v1.csv,WEST,824
2024-01-15,S001,C001,30,,53,USD,2024-01-16 02:00:00,erp_export_v1.csv,EAST,1271
2024-01-15,S002,C001,36,,60,USD,2024-01-16 02:00:00,erp_export_v1.csv,EAST,2440
2024-01-15,S003,C001,41,,71,USD,2024-01-16 02:00:00,erp_export_v1.csv,EAST,1987
2024-01-15,S004,C001,50,,88,USD,2024-01-16 02:00:00,erp_export_v1.csv,EAST,1686
2024-01-15,S005,C001,44,,103,USD,2024-01-16 02:00:00,erp_export_v1.csv,EAST,817
2024-01-15,S001,C002,35,,63,USD,2024-01-16 02:00:00,erp_export_v1.csv,NORTH,1229
2024-01-15,S002,C002,42,,83,USD,2024-01-16 02:00:00,erp_export_v1.csv,NORTH,2415
2024-01-15,S003,C002,41,,65,USD,2024-01-16 02:00:00,erp_export_v1.csv,NORTH,1983
2024-01-15,S004,C002,50,,78,USD,2024-01-16 02:00:00,erp_export_v1.csv,NORTH,1702
2024-01-15,S005,C002,56,,92,USD,2024-01-16 02:00:00,erp_export_v1.csv,NORTH,823
2024-01-15,S001,C003,45,,79,USD,2024-01-16 02:00:00,erp_export_v1.csv,WEST,1246
2024-01-15,S002,C003,52,,82,USD,2024-01-16 02:00:00,erp_export_v1.csv,WEST,2418
2024-01-15,S003,C003,48,,76,USD,2024-01-16 02:00:00,erp_export_v1.csv,WEST,1953
2024-01-15,S004,C003,64,,103,USD,2024-01-16 02:00:00,erp_export_v1.csv,WEST,1676
2024-01-15,S005,C003,73,,96,USD,2024-01-16 02:00:00,erp_export_v1.csv,WEST,824
2024-01-22,S001,C001,28,,67,USD,2024-01-23 02:00:00,erp_export_v1.csv,EAST,1262
2024-01-22,S002,C001,32,,74,USD,2024-01-23 02:00:00,erp_export_v1.csv,EAST,2389
2024-01-22,S003,C001,40,,90,USD,2024-01-23 02:00:00,erp_export_v1.csv,EAST,1956
2024-01-22,S004,C001,49,,104,USD,2024-01-23 02:00:00,erp_export_v1.csv,EAST,1725
2024-01-22,S005,C001,45,,84,USD,2024-01-23 02:00:00,erp_export_v1.csv,EAST,801
2024-01-22,S001,C002,38,,58,USD,2024-01-23 02:00:00,erp_export_v1.csv,NORTH,1268
2024-01-22,S002,C002,35,,64,USD,2024-01-23 02:00:00,erp_export_v1.csv,NORTH,2436
2024-01-22,S003,C002,55,,111,USD,2024-01-23 02:00:00,erp_export_v1.csv,NORTH,1995
2024-01-22,S004,C002,54,,83,USD,2024-01-23 02:00:00,erp_export_v1.csv,NORTH,1700
2024-01-22,S005,C002,62,,119,USD,2024-01-23 02:00:00,erp_export_v1.csv,NORTH,814
2024-01-22,S001,C003,40,,79,USD,2024-01-23 02:00:00,erp_export_v1.csv,WEST,1239
2024-01-22,S002,C003,62,,109,USD,2024-01-23 02:00:00,erp_export_v1.csv,WEST,2382
2024-01-22,S003,C003,63,,105,USD,2024-01-23 02:00:00,erp_export_v1.csv,WEST,1957
2024-01-22,S004,C003,79,,127,USD,2024-01-23 02:00:00,erp_export_v1.csv,WEST,1688
2024-01-22,S005,C003,91,,113,USD,2024-01-23 02:00:00,erp_export_v1.csv,WEST,811
2024-01-29,S001,C001,30,,60,USD,2024-01-30 02:00:00,erp_export_v1.csv,EAST,1256
2024-01-29,S002,C001,33,,87,USD,2024-01-30 02:00:00,erp_export_v1.csv,EAST,2388
2024-01-29,S003,C001,62,,119,USD,2024-01-30 02:00:00,erp_export_v1.csv,EAST,1786
2024-01-29,S004,C001,37,,64,USD,2024-01-30 02:00:00,erp_export_v1.csv,EAST,1676
2024-01-29,S005,C001,52,,74,USD,2024-01-30 02:00:00,erp_export_v1.csv,EAST,812
2024-01-29,S001,C002,35,,83,USD,2024-01-30 02:00:00,erp_export_v1.csv,NORTH,1241
2024-01-29,S002,C002,45,,96,USD,2024-01-30 02:00:00,erp_export_v1.csv,NORTH,2360
2024-01-29,S003,C002,55,,110,USD,2024-01-30 02:00:00,erp_export_v1.csv,NORTH,1939
2024-01-29,S004,C002,56,,109,USD,2024-01-30 02:00:00,erp_export_v1.csv,NORTH,1677
2024-01-29,S005,C002,74,,111,USD,2024-01-30 02:00:00,erp_export_v1.csv,NORTH,824
2024-01-29,S001,C003,50,,80,USD,2024-01-30 02:00:00,erp_export_v1.csv,WEST,1127
2024-01-29,S002,C003,64,,111,USD,2024-01-30 02:00:00,erp_export_v1.csv,WEST,2365
2024-01-29,S003,C003,62,,110,USD,2024-01-30 02:00:00,erp_export_v1.csv,WEST,1931
2024-01-29,S004,C003,86,,114,USD,2024-01-30 02:00:00,erp_export_v1.csv,WEST,1542
2024-01-29,S005,C003,81,,112,USD,2024-01-30 02:00:00,erp_export_v1.csv,WEST,824
2024-02-05,S001,C001,21,,71,USD,2024-02-06 02:00:00,erp_export_v1.csv,EAST,1230
2024-02-05,S002,C001,50,,79,USD,2024-02-06 02:00:00,erp_export_v1.csv,EAST,2366
2024-02-05,S003,C001,71,,107,USD,2024-02-06 02:00:00,erp_export_v1.csv,EAST,1785
2024-02-05,S004,C001,47,,79,USD,2024-02-06 02:00:00,erp_export_v1.csv,EAST,1705
2024-02-05,S005,C001,41,,64,USD,2024-02-06 02:00:00,erp_export_v1.csv,EAST,814
2024-02-05,S001,C002,36,,62,USD,2024-02-06 02:00:00,erp_export_v1.csv,NORTH,1256
2024-02-05,S002,C002,45,,88,USD,2024-02-06 02:00:00,erp_export_v1.csv,NORTH,2376
2024-02-05,S003,C002,50,,100,USD,2024-02-06 02:00:00,erp_export_v1.csv,NORTH,1977
2024-02-05,S004,C002,57,,89,USD,2024-02-06 02:00:00,erp_export_v1.csv,NORTH,1706
2024-02-05,S005,C002,77,,128,USD,2024-02-06 02:00:00,erp_export_v1.csv,NORTH,728
2024-02-05,S001,C003,63,,99,USD,2024-02-06 02:00:00,erp_export_v1.csv,WEST,1116
2024-02-05,S002,C003,54,,102,USD,2024-02-06 02:00:00,erp_export_v1.csv,WEST,2431
2024-02-05,S003,C003,56,,100,USD,2024-02-06 02:00:00,erp_export_v1.csv,WEST,1985
2024-02-05,S004,C003,88,,126,USD,2024-02-06 02:00:00,erp_export_v1.csv,WEST,1510
2024-02-05,S005,C003,79,,129,USD,2024-02-06 02:00:00,erp_export_v1.csv,WEST,824
2024-02-12,S001,C001,41,,64,USD,2024-02-13 02:00:00,erp_export_v1.csv,EAST,1110
2024-02-12,S002,C001,38,,74,USD,2024-02-13 02:00:00,erp_export_v1.csv,EAST,2400
2024-02-12,S003,C001,48,,89,USD,2024-02-13 02:00:00,erp_export_v1.csv,EAST,1734
2024-02-12,S004,C001,69,,115,USD,2024-02-13 02:00:00,erp_export_v1.csv,EAST,1546
2024-02-12,S005,C001,41,,79,USD,2024-02-13 02:00:00,erp_export_v1.csv,EAST,815
2024-02-12,S001,C002,30,,52,USD,2024-02-13 02:00:00,erp_export_v1.csv,NORTH,1263
2024-02-12,S002,C002,57,,99,USD,2024-02-13 02:00:00,erp_export_v1.csv,NORTH,2128
2024-02-12,S003,C002,59,,87,USD,2024-02-13 02:00:00,erp_export_v1.csv,NORTH,1946
2024-02-12,S004,C002,66,,124,USD,2024-02-13 02:00:00,erp_export_v1.csv,NORTH,1726
2024-02-12,S005,C002,80,,136,USD,2024-02-13 02:00:00,erp_export_v1.csv,NORTH,744
2024-02-12,S001,C003,49,,74,USD,2024-02-13 02:00:00,erp_export_v1.csv,WEST,1258
2024-02-12,S002,C003,50,,99,USD,2024-02-13 02:00:00,erp_export_v1.csv,WEST,2369
2024-02-12,S003,C003,73,,94,USD,2024-02-13 02:00:00,erp_export_v1.csv,WEST,1736
2024-02-12,S004,C003,80,,127,USD,2024-02-13 02:00:00,erp_export_v1.csv,WEST,1539
2024-02-12,S005,C003,99,,141,USD,2024-02-13 02:00:00,erp_export_v1.csv,WEST,718
2024-02-19,S001,C001,41,,89,USD,2024-02-20 02:00:00,erp_export_v1.csv,EAST,1123
2024-02-19,S002,C001,34,,92,USD,2024-02-20 02:00:00,erp_export_v1.csv,EAST,2414
2024-02-19,S003,C001,39,,91,USD,2024-02-20 02:00:00,erp_export_v1.csv,EAST,1986
2024-02-19,S004,C001,74,,96,USD,2024-02-20 02:00:00,erp_export_v1.csv,EAST,1533
2024-02-19,S005,C001,53,,91,USD,2024-02-20 02:00:00,erp_export_v1.csv,EAST,812
2024-02-19,S001,C002,41,,83,USD,2024-02-20 02:00:00,erp_export_v1.csv,NORTH,1249
2024-02-19,S002,C002,69,,122,USD,2024-02-20 02:00:00,erp_export_v1.csv,NORTH,2131
2024-02-19,S003,C002,49,,85,USD,2024-02-20 02:00:00,erp_export_v1.csv,NORTH,1963
2024-02-19,S004,C002,53,,77,USD,2024-02-20 02:00:00,erp_export_v1.csv,NORTH,1677
2024-02-19,S005,C002,70,,103,USD,2024-02-20 02:00:00,erp_export_v1.csv,NORTH,812
2024-02-19,S001,C003,44,,74,USD,2024-02-20 02:00:00,erp_export_v1.csv,WEST,1243
2024-02-19,S002,C003,55,,103,USD,2024-02-20 02:00:00,erp_export_v1.csv,WEST,2364
2024-02-19,S003,C003,90,,144,USD,2024-02-20 02:00:00,erp_export_v1.csv,WEST,1758
2024-02-19,S004,C003,76,,128,USD,2024-02-20 02:00:00,erp_export_v1.csv,WEST,1676
2024-02-19,S005,C003,104,,153,USD,2024-02-20 02:00:00,erp_export_v1.csv,WEST,741
2024-02-26,S001,C001,49,,90,USD,2024-02-27 02:00:00,erp_export_v1.csv,EAST,1117
2024-02-26,S002,C001,43,,88,USD,2024-02-27 02:00:00,erp_export_v1.csv,EAST,2393
2024-02-26,S003,C001,58,,110,USD,2024-02-27 02:00:00,erp_export_v1.csv,EAST,1952
2024-02-26,S004,C001,90,,115,USD,2024-02-27 02:00:00,erp_export_v1.csv,EAST,1517
2024-02-26,S005,C001,57,,114,USD,2024-02-27 02:00:00,erp_export_v1.csv,EAST,821
2024-02-26,S001,C002,48,,79,USD,2024-02-27 02:00:00,erp_export_v1.csv,NORTH,1224
2024-02-26,S002,C002,50,,81,USD,2024-02-27 02:00:00,erp_export_v1.csv,NORTH,2358
2024-02-26,S003,C002,72,,112,USD,2024-02-27 02:00:00,erp_export_v1.csv,NORTH,1981
2024-02-26,S004,C002,87,,145,USD,2024-02-27 02:00:00,erp_export_v1.csv,NORTH,1716
2024-02-26,S005,C002,94,,138,USD,2024-02-27 02:00:00,erp_export_v1.csv,NORTH,814
2024-02-26,S001,C003,57,,88,USD,2024-02-27 02:00:00,erp_export_v1.csv,WEST,1274
2024-02-26,S002,C003,81,,138,USD,2024-02-27 02:00:00,erp_export_v1.csv,WEST,2448
2024-02-26,S003,C003,79,,117,USD,2024-02-27 02:00:00,erp_export_v1.csv,WEST,1983
2024-02-26,S004,C003,108,,130,USD,2024-02-27 02:00:00,erp_export_v1.csv,WEST,1715
2024-02-26,S005,C003,108,,147,USD,2024-02-27 02:00:00,erp_export_v1.csv,WEST,812
2024-03-04,S001,C001,24,,69,USD,2024-03-05 02:00:00,erp_export_v1.csv,EAST,1247
2024-03-04,S002,C001,41,,71,USD,2024-03-05 02:00:00,erp_export_v1.csv,EAST,2379
2024-03-04,S003,C001,55,,112,USD,2024-03-05 02:00:00,erp_export_v1.csv,EAST,1950
2024-03-04,S004,C001,38,,92,USD,2024-03-05 02:00:00,erp_export_v1.csv,EAST,1688
2024-03-04,S005,C001,53,,108,USD,2024-03-05 02:00:00,erp_export_v1.csv,EAST,813
2024-03-04,S001,C002,42,,62,USD,2024-03-05 02:00:00,erp_export_v1.csv,NORTH,1236
2024-03-04,S002,C002,46,,94,USD,2024-03-05 02:00:00,erp_export_v1.csv,NORTH,2371
2024-03-04,S003,C002,58,,113,USD,2024-03-05 02:00:00,erp_export_v1.csv,NORTH,1980
2024-03-04,S004,C002,63,,107,USD,2024-03-05 02:00:00,erp_export_v1.csv,NORTH,1717
2024-03-04,S005,C002,79,,126,USD,2024-03-05 02:00:00,erp_export_v1.csv,NORTH,800
2024-03-04,S001,C003,50,,78,USD,2024-03-05 02:00:00,erp_export_v1.csv,WEST,1230
2024-03-04,S002,C003,54,,111,USD,2024-03-05 02:00:00,erp_export_v1.csv,WEST,2395
2024-03-04,S003,C003,64,,99,USD,2024-03-05 02:00:00,erp_export_v1.csv,WEST,1966
2024-03-04,S004,C003,74,,129,USD,2024-03-05 02:00:00,erp_export_v1.csv,WEST,1688
2024-03-04,S005,C003,93,,116,USD,2024-03-05 02:00:00,erp_export_v1.csv,WEST,803
2024-03-11,S001,C001,43,,89,USD,2024-03-12 02:00:00,erp_export_v1.csv,EAST,1241
2024-03-11,S002,C001,48,,105,USD,2024-03-12 02:00:00,erp_export_v1.csv,EAST,2431
2024-03-11,S003,C001,49,,102,USD,2024-03-12 02:00:00,erp_export_v1.csv,EAST,1988
2024-03-11,S004,C001,60,,115,USD,2024-03-12 02:00:00,erp_export_v1.csv,EAST,1667
2024-03-11,S005,C001,51,,98,USD,2024-03-12 02:00:00,erp_export_v1.csv,EAST,803
2024-03-11,S001,C002,40,,73,USD,2024-03-12 02:00:00,erp_export_v1.csv,NORTH,1255
2024-03-11,S002,C002,33,,75,USD,2024-03-12 02:00:00,erp_export_v1.csv,NORTH,2421
2024-03-11,S003,C002,49,,74,USD,2024-03-12 02:00:00,erp_export_v1.csv,NORTH,1932
2024-03-11,S004,C002,70,,121,USD,2024-03-12 02:00:00,erp_export_v1.csv,NORTH,1723
2024-03-11,S005,C002,64,,117,USD,2024-03-12 02:00:00,erp_export_v1.csv,NORTH,812
2024-03-11,S001,C003,41,,83,USD,2024-03-12 02:00:00,erp_export_v1.csv,WEST,1235
2024-03-11,S002,C003,56,,92,USD,2024-03-12 02:00:00,erp_export_v1.csv,WEST,2423
2024-03-11,S003,C003,75,,129,USD,2024-03-12 02:00:00,erp_export_v1.csv,WEST,1987
2024-03-11,S004,C003,94,,129,USD,2024-03-12 02:00:00,erp_export_v1.csv,WEST,1713
2024-03-11,S005,C003,83,,134,USD,2024-03-12 02:00:00,erp_export_v1.csv,WEST,796
2024-03-18,S001,C001,37,,73,USD,2024-03-19 02:00:00,erp_export_v1.csv,EAST,1268
2024-03-18,S002,C001,29,,60,USD,2024-03-19 02:00:00,erp_export_v1.csv,EAST,2401
2024-03-18,S003,C001,64,,92,USD,2024-03-19 02:00:00,erp_export_v1.csv,EAST,1995
2024-03-18,S004,C001,61,,110,USD,2024-03-19 02:00:00,erp_export_v1.csv,EAST,1691
2024-03-18,S005,C001,77,,100,USD,2024-03-19 02:00:00,erp_export_v1.csv,EAST,809
2024-03-18,S001,C002,43,,75,USD,2024-03-19 02:00:00,erp_export_v1.csv,NORTH,1234
2024-03-18,S002,C002,51,,99,USD,2024-03-19 02:00:00,erp_export_v1.csv,NORTH,2386
2024-03-18,S003,C002,71,,107,USD,2024-03-19 02:00:00,erp_export_v1.csv,NORTH,1982
2024-03-18,S004,C002,72,,120,USD,2024-03-19 02:00:00,erp_export_v1.csv,NORTH,1714
2024-03-18,S005,C002,88,,115,USD,2024-03-19 02:00:00,erp_export_v1.csv,NORTH,814
2024-03-18,S001,C003,47,,91,USD,2024-03-19 02:00:00,erp_export_v1.csv,WEST,1233
2024-03-18,S002,C003,76,,102,USD,2024-03-19 02:00:00,erp_export_v1.csv,WEST,2399
2024-03-18,S003,C003,77,,103,USD,2024-03-19 02:00:00,erp_export_v1.csv,WEST,2000
2024-03-18,S004,C003,76,,111,USD,2024-03-19 02:00:00,erp_export_v1.csv,WEST,1667
2024-03-18,S005,C003,87,,116,USD,2024-03-19 02:00:00,erp_export_v1.csv,WEST,825
2024-03-25,S001,C001,31,,65,USD,2024-03-26 02:00:00,erp_export_v1.csv,EAST,1261
2024-03-25,S002,C001,36,,86,USD,2024-03-26 02:00:00,erp_export_v1.csv,EAST,2366
2024-03-25,S003,C001,81,,112,USD,2024-03-26 02:00:00,erp_export_v1.csv,EAST,1771
2024-03-25,S004,C001,54,,85,USD,2024-03-26 02:00:00,erp_export_v1.csv,EAST,1687
2024-03-25,S005,C001,62,,95,USD,2024-03-26 02:00:00,erp_export_v1.csv,EAST,818
2024-03-25,S001,C002,42,,69,USD,2024-03-26 02:00:00,erp_export_v1.csv,NORTH,1226
2024-03-25,S002,C002,63,,91,USD,2024-03-26 02:00:00,erp_export_v1.csv,NORTH,2365
2024-03-25,S003,C002,52,,77,USD,2024-03-26 02:00:00,erp_export_v1.csv,NORTH,1742
2024-03-25,S004,C002,100,,126,USD,2024-03-26 02:00:00,erp_export_v1.csv,NORTH,1526
2024-03-25,S005,C002,97,,126,USD,2024-03-26 02:00:00,erp_export_v1.csv,NORTH,724
2024-03-25,S001,C003,55,,104,USD,2024-03-26 02:00:00,erp_export_v1.csv,WEST,1259
2024-03-25,S002,C003,59,,111,USD,2024-03-26 02:00:00,erp_export_v1.csv,WEST,2436
2024-03-25,S003,C003,81,,118,USD,2024-03-26 02:00:00,erp_export_v1.csv,WEST,1989
2024-03-25,S004,C003,77,,112,USD,2024-03-26 02:00:00,erp_export_v1.csv,WEST,1687
2024-03-25,S005,C003,80,,120,USD,2024-03-26 02:00:00,erp_export_v1.csv,WEST,819
2024-04-01,S001,C001,35,,82,USD,2024-04-02 02:00:00,erp_export_v1.csv,EAST,1236
2024-04-01,S002,C001,50,,76,USD,2024-04-02 02:00:00,erp_export_v1.csv,EAST,2411
2024-04-01,S003,C001,77,,103,USD,2024-04-02 02:00:00,erp_export_v1.csv,EAST,1789
2024-04-01,S004,C001,53,,77,USD,2024-04-02 02:00:00,erp_export_v1.csv,EAST,1729
2024-04-01,S005,C001,69,,93,USD,2024-04-02 02:00:00,erp_export_v1.csv,EAST,827
2024-04-01,S001,C002,36,,76,USD,2024-04-02 02:00:00,erp_export_v1.csv,NORTH,1117
2024-04-01,S002,C002,58,,92,USD,2024-04-02 02:00:00,erp_export_v1.csv,NORTH,2429
2024-04-01,S003,C002,75,,106,USD,2024-04-02 02:00:00,erp_export_v1.csv,NORTH,1793
2024-04-01,S004,C002,89,,123,USD,2024-04-02 02:00:00,erp_export_v1.csv,NORTH,1549
2024-04-01,S005,C002,98,,148,USD,2024-04-02 02:00:00,erp_export_v1.csv,NORTH,732
2024-04-01,S001,C003,38,,91,USD,2024-04-02 02:00:00,erp_export_v1.csv,WEST,1257
2024-04-01,S002,C003,48,,84,USD,2024-04-02 02:00:00,erp_export_v1.csv,WEST,2369
2024-04-01,S003,C003,64,,96,USD,2024-04-02 02:00:00,erp_export_v1.csv,WEST,1993
2024-04-01,S004,C003,78,,123,USD,2024-04-02 02:00:00,erp_export_v1.csv,WEST,1678
2024-04-01,S005,C003,73,,113,USD,2024-04-02 02:00:00,erp_export_v1.csv,WEST,805
2024-04-08,S001,C001,44,,77,USD,2024-04-09 02:00:00,erp_export_v1.csv,EAST,1135
2024-04-08,S002,C001,43,,64,USD,2024-04-09 02:00:00,erp_export_v1.csv,EAST,2392
2024-04-08,S003,C001,70,,111,USD,2024-04-09 02:00:00,erp_export_v1.csv,EAST,1774
2024-04-08,S004,C001,61,,110,USD,2024-04-09 02:00:00,erp_export_v1.csv,EAST,1680
2024-04-08,S005,C001,55,,87,USD,2024-04-09 02:00:00,erp_export_v1.csv,EAST,807
2024-04-08,S001,C002,55,,83,USD,2024-04-09 02:00:00,erp_export_v1.csv,NORTH,1119
2024-04-08,S002,C002,85,,116,USD,2024-04-09 02:00:00,erp_export_v1.csv,NORTH,2150
2024-04-08,S003,C002,84,,120,USD,2024-04-09 02:00:00,erp_export_v1.csv,NORTH,1771
2024-04-08,S004,C002,89,,148,USD,2024-04-09 02:00:00,erp_export_v1.csv,NORTH,1520
2024-04-08,S005,C002,104,,154,USD,2024-04-09 02:00:00,erp_export_v1.csv,NORTH,745
2024-04-08,S001,C003,36,,77,USD,2024-04-09 02:00:00,erp_export_v1.csv,WEST,1265
2024-04-08,S002,C003,61,,87,USD,2024-04-09 02:00:00,erp_export_v1.csv,WEST,2374
2024-04-08,S003,C003,79,,104,USD,2024-04-09 02:00:00,erp_export_v1.csv,WEST,1946
2024-04-08,S004,C003,70,,109,USD,2024-04-09 02:00:00,erp_export_v1.csv,WEST,1714
2024-04-08,S005,C003,128,,178,USD,2024-04-09 02:00:00,erp_export_v1.csv,WEST,718
2024-04-15,S001,C001,39,,81,USD,2024-04-16 02:00:00,erp_export_v1.csv,EAST,1133
2024-04-15,S002,C001,34,,89,USD,2024-04-16 02:00:00,erp_export_v1.csv,EAST,2361
2024-04-15,S003,C001,48,,81,USD,2024-04-16 02:00:00,erp_export_v1.csv,EAST,1966
2024-04-15,S004,C001,56,,114,USD,2024-04-16 02:00:00,erp_export_v1.csv,EAST,1669
2024-04-15,S005,C001,67,,92,USD,2024-04-16 02:00:00,erp_export_v1.csv,EAST,815
2024-04-15,S001,C002,48,,88,USD,2024-04-16 02:00:00,erp_export_v1.csv,NORTH,1265
2024-04-15,S002,C002,72,,120,USD,2024-04-16 02:00:00,erp_export_v1.csv,NORTH,2121
2024-04-15,S003,C002,56,,79,USD,2024-04-16 02:00:00,erp_export_v1.csv,NORTH,1986
2024-04-15,S004,C002,59,,118,USD,2024-04-16 02:00:00,erp_export_v1.csv,NORTH,1696
2024-04-15,S005,C002,67,,108,USD,2024-04-16 02:00:00,erp_export_v1.csv,NORTH,804
2024-04-15,S001,C003,43,,80,USD,2024-04-16 02:00:00,erp_export_v1.csv,WEST,1270
2024-04-15,S002,C003,60,,103,USD,2024-04-16 02:00:00,erp_export_v1.csv,WEST,2408
2024-04-15,S003,C003,73,,116,USD,2024-04-16 02:00:00,erp_export_v1.csv,WEST,1964
2024-04-15,S004,C003,76,,128,USD,2024-04-16 02:00:00,erp_export_v1.csv,WEST,1724
2024-04-15,S005,C003,116,,154,USD,2024-04-16 02:00:00,erp_export_v1.csv,WEST,730
2024-04-22,S001,C001,58,,115,USD,2024-04-23 02:00:00,erp_export_v1.csv,EAST,1106
2024-04-22,S002,C001,58,,88,USD,2024-04-23 02:00:00,erp_export_v1.csv,EAST,2433
2024-04-22,S003,C001,47,,79,USD,2024-04-23 02:00:00,erp_export_v1.csv,EAST,1944
2024-04-22,S004,C001,80,,133,USD,2024-04-23 02:00:00,erp_export_v1.csv,EAST,1697
2024-04-22,S005,C001,78,,132,USD,2024-04-23 02:00:00,erp_export_v1.csv,EAST,826
2024-04-22,S001,C002,48,,80,USD,2024-04-23 02:00:00,erp_export_v1.csv,NORTH,1268
2024-04-22,S002,C002,59,,88,USD,2024-04-23 02:00:00,erp_export_v1.csv,NORTH,2421
2024-04-22,S003,C002,70,,129,USD,2024-04-23 02:00:00,erp_export_v1.csv,NORTH,1991
2024-04-22,S004,C002,110,,147,USD,2024-04-23 02:00:00,erp_export_v1.csv,NORTH,1707
2024-04-22,S005,C002,101,,140,USD,2024-04-23 02:00:00,erp_export_v1.csv,NORTH,815
2024-04-22,S001,C003,43,,80,USD,2024-04-23 02:00:00,erp_export_v1.csv,WEST,1253
2024-04-22,S002,C003,81,,127,USD,2024-04-23 02:00:00,erp_export_v1.csv,WEST,2361
2024-04-22,S003,C003,77,,124,USD,2024-04-23 02:00:00,erp_export_v1.csv,WEST,1949
2024-04-22,S004,C003,103,,148,USD,2024-04-23 02:00:00,erp_export_v1.csv,WEST,1693
2024-04-22,S005,C003,158,,210,USD,2024-04-23 02:00:00,erp_export_v1.csv,WEST,738
2024-04-29,S001,C001,35,,91,USD,2024-04-30 02:00:00,erp_export_v1.csv,EAST,1237
2024-04-29,S002,C001,38,,92,USD,2024-04-30 02:00:00,erp_export_v1.csv,EAST,2382
2024-04-29,S003,C001,47,,102,USD,2024-04-30 02:00:00,erp_export_v1.csv,EAST,1951
2024-04-29,S004,C001,40,,61,USD,2024-04-30 02:00:00,erp_export_v1.csv,EAST,1678
2024-04-29,S005,C001,60,,116,USD,2024-04-30 02:00:00,erp_export_v1.csv,EAST,823
2024-04-29,S001,C002,44,,64,USD,2024-04-30 02:00:00,erp_export_v1.csv,NORTH,1247
2024-04-29,S002,C002,40,,96,USD,2024-04-30 02:00:00,erp_export_v1.csv,NORTH,2437
2024-04-29,S003,C002,65,,88,USD,2024-04-30 02:00:00,erp_export_v1.csv,NORTH,1991
2024-04-29,S004,C002,63,,111,USD,2024-04-30 02:00:00,erp_export_v1.csv,NORTH,1692
2024-04-29,S005,C002,71,,91,USD,2024-04-30 02:00:00,erp_export_v1.csv,NORTH,804
2024-04-29,S001,C003,56,,87,USD,2024-04-30 02:00:00,erp_export_v1.csv,WEST,1271
2024-04-29,S002,C003,59,,107,USD,2024-04-30 02:00:00,erp_export_v1.csv,WEST,2370
2024-04-29,S003,C003,63,,90,USD,2024-04-30 02:00:00,erp_export_v1.csv,WEST,1984
2024-04-29,S004,C003,77,,105,USD,2024-04-30 02:00:00,erp_export_v1.csv,WEST,1667
2024-04-29,S005,C003,88,,117,USD,2024-04-30 02:00:00,erp_export_v1.csv,WEST,828
2024-05-06,S001,C001,28,,69,USD,2024-05-07 02:00:00,erp_export_v1.csv,EAST,1266
2024-05-06,S002,C001,55,,96,USD,2024-05-07 02:00:00,erp_export_v1.csv,EAST,2445
2024-05-06,S003,C001,52,,103,USD,2024-05-07 02:00:00,erp_export_v1.csv,EAST,1959
2024-05-06,S004,C001,51,,71,USD,2024-05-07 02:00:00,erp_export_v1.csv,EAST,1679
2024-05-06,S005,C001,60,,115,USD,2024-05-07 02:00:00,erp_export_v1.csv,EAST,826
2024-05-06,S001,C002,38,,69,USD,2024-05-07 02:00:00,erp_export_v1.csv,NORTH,1268
2024-05-06,S002,C002,64,,104,USD,2024-05-07 02:00:00,erp_export_v1.csv,NORTH,2382
2024-05-06,S003,C002,58,,110,USD,2024-05-07 02:00:00,erp_export_v1.csv,NORTH,1980
2024-05-06,S004,C002,66,,99,USD,2024-05-07 02:00:00,erp_export_v1.csv,NORTH,1678
2024-05-06,S005,C002,69,,115,USD,2024-05-07 02:00:00,erp_export_v1.csv,NORTH,812
2024-05-06,S001,C003,44,,89,USD,2024-05-07 02:00:00,erp_export_v1.csv,WEST,1224
2024-05-06,S002,C003,47,,70,USD,2024-05-07 02:00:00,erp_export_v1.csv,WEST,2395
2024-05-06,S003,C003,77,,103,USD,2024-05-07 02:00:00,erp_export_v1.csv,WEST,1986
2024-05-06,S004,C003,72,,93,USD,2024-05-07 02:00:00,erp_export_v1.csv,WEST,1689
2024-05-06,S005,C003,85,,131,USD,2024-05-07 02:00:00,erp_export_v1.csv,WEST,821
2024-05-13,S001,C001,30,,69,USD,2024-05-14 02:00:00,erp_export_v1.csv,EAST,1269
2024-05-13,S002,C001,44,,83,USD,2024-05-14 02:00:00,erp_export_v1.csv,EAST,2356
2024-05-13,S003,C001,46,,87,USD,2024-05-14 02:00:00,erp_export_v1.csv,EAST,1981
2024-05-13,S004,C001,49,,72,USD,2024-05-14 02:00:00,erp_export_v1.csv,EAST,1693
2024-05-13,S005,C001,50,,104,USD,2024-05-14 02:00:00,erp_export_v1.csv,EAST,819
2024-05-13,S001,C002,43,,90,USD,2024-05-14 02:00:00,erp_export_v1.csv,NORTH,1260
2024-05-13,S002,C002,47,,83,USD,2024-05-14 02:00:00,erp_export_v1.csv,NORTH,2449
2024-05-13,S003,C002,77,,123,USD,2024-05-14 02:00:00,erp_export_v1.csv,NORTH,1964
2024-05-13,S004,C002,61,,91,USD,2024-05-14 02:00:00,erp_export_v1.csv,NORTH,1688
2024-05-13,S005,C002,50,,95,USD,2024-05-14 02:00:00,erp_export_v1.csv,NORTH,803
2024-05-13,S001,C003,42,,68,USD,2024-05-14 02:00:00,erp_export_v1.csv,WEST,1238
2024-05-13,S002,C003,58,,116,USD,2024-05-14 02:00:00,erp_export_v1.csv,WEST,2384
2024-05-13,S003,C003,55,,78,USD,2024-05-14 02:00:00,erp_export_v1.csv,WEST,1983
2024-05-13,S004,C003,64,,95,USD,2024-05-14 02:00:00,erp_export_v1.csv,WEST,1704
2024-05-13,S005,C003,87,,129,USD,2024-05-14 02:00:00,erp_export_v1.csv,WEST,827
2024-05-20,S001,C001,32,,69,USD,2024-05-21 02:00:00,erp_export_v1.csv,EAST,1256
2024-05-20,S002,C001,32,,85,USD,2024-05-21 02:00:00,erp_export_v1.csv,EAST,2434
2024-05-20,S003,C001,42,,89,USD,2024-05-21 02:00:00,erp_export_v1.csv,EAST,1963
2024-05-20,S004,C001,62,,96,USD,2024-05-21 02:00:00,erp_export_v1.csv,EAST,1716
2024-05-20,S005,C001,57,,107,USD,2024-05-21 02:00:00,erp_export_v1.csv,EAST,821
2024-05-20,S001,C002,46,,88,USD,2024-05-21 02:00:00,erp_export_v1.csv,NORTH,1256
2024-05-20,S002,C002,44,,98,USD,2024-05-21 02:00:00,erp_export_v1.csv,NORTH,2401
2024-05-20,S003,C002,54,,108,USD,2024-05-21 02:00:00,erp_export_v1.csv,NORTH,2000
2024-05-20,S004,C002,66,,87,USD,2024-05-21 02:00:00,erp_export_v1.csv,NORTH,1664
2024-05-20,S005,C002,78,,125,USD,2024-05-21 02:00:00,erp_export_v1.csv,NORTH,796
2024-05-20,S001,C003,37,,68,USD,2024-05-21 02:00:00,erp_export_v1.csv,WEST,1234
2024-05-20,S002,C003,55,,76,USD,2024-05-21 02:00:00,erp_export_v1.csv,WEST,2383
2024-05-20,S003,C003,67,,93,USD,2024-05-21 02:00:00,erp_export_v1.csv,WEST,1949
2024-05-20,S004,C003,78,,116,USD,2024-05-21 02:00:00,erp_export_v1.csv,WEST,1691
2024-05-20,S005,C003,62,,86,USD,2024-05-21 02:00:00,erp_export_v1.csv,WEST,825
2024-05-27,S001,C001,22,,49,USD,2024-05-28 02:00:00,erp_export_v1.csv,EAST,1253
2024-05-27,S002,C001,40,,99,USD,2024-05-28 02:00:00,erp_export_v1.csv,EAST,2386
2024-05-27,S003,C001,38,,72,USD,2024-05-28 02:00:00,erp_export_v1.csv,EAST,1930
2024-05-27,S004,C001,57,,100,USD,2024-05-28 02:00:00,erp_export_v1.csv,EAST,1520
2024-05-27,S005,C001,93,,136,USD,2024-05-28 02:00:00,erp_export_v1.csv,EAST,717
2024-05-27,S001,C002,56,,95,USD,2024-05-28 02:00:00,erp_export_v1.csv,NORTH,1103
2024-05-27,S002,C002,45,,71,USD,2024-05-28 02:00:00,erp_export_v1.csv,NORTH,2388
2024-05-27,S003,C002,92,,136,USD,2024-05-28 02:00:00,erp_export_v1.csv,NORTH,1794
2024-05-27,S004,C002,65,,118,USD,2024-05-28 02:00:00,erp_export_v1.csv,NORTH,1663
2024-05-27,S005,C002,75,,112,USD,2024-05-28 02:00:00,erp_export_v1.csv,NORTH,812
2024-05-27,S001,C003,43,,79,USD,2024-05-28 02:00:00,erp_export_v1.csv,WEST,1235
2024-05-27,S002,C003,56,,82,USD,2024-05-28 02:00:00,erp_export_v1.csv,WEST,2428
2024-05-27,S003,C003,68,,110,USD,2024-05-28 02:00:00,erp_export_v1.csv,WEST,1991
2024-05-27,S004,C003,92,,147,USD,2024-05-28 02:00:00,erp_export_v1.csv,WEST,1501
2024-05-27,S005,C003,95,,143,USD,2024-05-28 02:00:00,erp_export_v1.csv,WEST,724
2024-06-03,S001,C001,32,,88,USD,2024-06-04 02:00:00,erp_export_v1.csv,EAST,1243
2024-06-03,S002,C001,55,,99,USD,2024-06-04 02:00:00,erp_export_v1.csv,EAST,2177
2024-06-03,S003,C001,38,,88,USD,2024-06-04 02:00:00,erp_export_v1.csv,EAST,1993
2024-06-03,S004,C001,68,,94,USD,2024-06-04 02:00:00,erp_export_v1.csv,EAST,1505
2024-06-03,S005,C001,57,,111,USD,2024-06-04 02:00:00,erp_export_v1.csv,EAST,724
2024-06-03,S001,C002,54,,109,USD,2024-06-04 02:00:00,erp_export_v1.csv,NORTH,1119
2024-06-03,S002,C002,50,,100,USD,2024-06-04 02:00:00,erp_export_v1.csv,NORTH,2432
2024-06-03,S003,C002,61,,102,USD,2024-06-04 02:00:00,erp_export_v1.csv,NORTH,1753
2024-06-03,S004,C002,66,,93,USD,2024-06-04 02:00:00,erp_export_v1.csv,NORTH,1668
2024-06-03,S005,C002,67,,115,USD,2024-06-04 02:00:00,erp_export_v1.csv,NORTH,826
2024-06-03,S001,C003,38,,73,USD,2024-06-04 02:00:00,erp_export_v1.csv,WEST,1271
2024-06-03,S002,C003,75,,120,USD,2024-06-04 02:00:00,erp_export_v1.csv,WEST,2203
2024-06-03,S003,C003,72,,127,USD,2024-06-04 02:00:00,erp_export_v1.csv,WEST,1771
2024-06-03,S004,C003,81,,130,USD,2024-06-04 02:00:00,erp_export_v1.csv,WEST,1547
2024-06-03,S005,C003,117,,157,USD,2024-06-04 02:00:00,erp_export_v1.csv,WEST,733
2024-06-10,S001,C001,28,,53,USD,2024-06-11 02:00:00,erp_export_v1.csv,EAST,1253
2024-06-10,S002,C001,43,,92,USD,2024-06-11 02:00:00,erp_export_v1.csv,EAST,2187
2024-06-10,S003,C001,41,,88,USD,2024-06-11 02:00:00,erp_export_v1.csv,EAST,1974
2024-06-10,S004,C001,60,,81,USD,2024-06-11 02:00:00,erp_export_v1.csv,EAST,1521
2024-06-10,S005,C001,67,,102,USD,2024-06-11 02:00:00,erp_export_v1.csv,EAST,745
2024-06-10,S001,C002,46,,85,USD,2024-06-11 02:00:00,erp_export_v1.csv,NORTH,1120
2024-06-10,S002,C002,48,,89,USD,2024-06-11 02:00:00,erp_export_v1.csv,NORTH,2437
2024-06-10,S003,C002,54,,76,USD,2024-06-11 02:00:00,erp_export_v1.csv,NORTH,1944
2024-06-10,S004,C002,56,,114,USD,2024-06-11 02:00:00,erp_export_v1.csv,NORTH,1698
2024-06-10,S005,C002,70,,119,USD,2024-06-11 02:00:00,erp_export_v1.csv,NORTH,818
2024-06-10,S001,C003,36,,92,USD,2024-06-11 02:00:00,erp_export_v1.csv,WEST,1255
2024-06-10,S002,C003,60,,101,USD,2024-06-11 02:00:00,erp_export_v1.csv,WEST,2121
2024-06-10,S003,C003,82,,106,USD,2024-06-11 02:00:00,erp_export_v1.csv,WEST,1766
2024-06-10,S004,C003,63,,101,USD,2024-06-11 02:00:00,erp_export_v1.csv,WEST,1701
2024-06-10,S005,C003,73,,130,USD,2024-06-11 02:00:00,erp_export_v1.csv,WEST,819
2024-06-17,S001,C001,38,,63,USD,2024-06-18 02:00:00,erp_export_v1.csv,EAST,1229
2024-06-17,S002,C001,55,,91,USD,2024-06-18 02:00:00,erp_export_v1.csv,EAST,2201
2024-06-17,S003,C001,53,,108,USD,2024-06-18 02:00:00,erp_export_v1.csv,EAST,1982
2024-06-17,S004,C001,50,,87,USD,2024-06-18 02:00:00,erp_export_v1.csv,EAST,1728
2024-06-17,S005,C001,72,,100,USD,2024-06-18 02:00:00,erp_export_v1.csv,EAST,821
2024-06-17,S001,C002,54,,112,USD,2024-06-18 02:00:00,erp_export_v1.csv,NORTH,1240
2024-06-17,S002,C002,46,,99,USD,2024-06-18 02:00:00,erp_export_v1.csv,NORTH,2411
2024-06-17,S003,C002,64,,116,USD,2024-06-18 02:00:00,erp_export_v1.csv,NORTH,1938
2024-06-17,S004,C002,75,,113,USD,2024-06-18 02:00:00,erp_export_v1.csv,NORTH,1664
2024-06-17,S005,C002,71,,105,USD,2024-06-18 02:00:00,erp_export_v1.csv,NORTH,812
2024-06-17,S001,C003,39,,95,USD,2024-06-18 02:00:00,erp_export_v1.csv,WEST,1262
2024-06-17,S002,C003,82,,131,USD,2024-06-18 02:00:00,erp_export_v1.csv,WEST,2204
2024-06-17,S003,C003,88,,138,USD,2024-06-18 02:00:00,erp_export_v1.csv,WEST,1962
2024-06-17,S004,C003,78,,104,USD,2024-06-18 02:00:00,erp_export_v1.csv,WEST,1669
2024-06-17,S005,C003,74,,127,USD,2024-06-18 02:00:00,erp_export_v1.csv,WEST,800
2024-06-24,S001,C001,26,,75,USD,2024-06-25 02:00:00,erp_export_v1.csv,EAST,1267
2024-06-24,S002,C001,47,,82,USD,2024-06-25 02:00:00,erp_export_v1.csv,EAST,2371
2024-06-24,S003,C001,38,,69,USD,2024-06-25 02:00:00,erp_export_v1.csv,EAST,1971
2024-06-24,S004,C001,48,,100,USD,2024-06-25 02:00:00,erp_export_v1.csv,EAST,1672
2024-06-24,S005,C001,51,,91,USD,2024-06-25 02:00:00,erp_export_v1.csv,EAST,798
2024-06-24,S001,C002,32,,62,USD,2024-06-25 02:00:00,erp_export_v1.csv,NORTH,1256
2024-06-24,S002,C002,39,,61,USD,2024-06-25 02:00:00,erp_export_v1.csv,NORTH,2365
2024-06-24,S003,C002,49,,95,USD,2024-06-25 02:00:00,erp_export_v1.csv,NORTH,1949
2024-06-24,S004,C002,57,,85,USD,2024-06-25 02:00:00,erp_export_v1.csv,NORTH,1675
2024-06-24,S005,C002,74,,116,USD,2024-06-25 02:00:00,erp_export_v1.csv,NORTH,812
2024-06-24,S001,C003,44,,82,USD,2024-06-25 02:00:00,erp_export_v1.csv,WEST,1259
2024-06-24,S002,C003,51,,100,USD,2024-06-25 02:00:00,erp_export_v1.csv,WEST,2431
2024-06-24,S003,C003,46,,83,USD,2024-06-25 02:00:00,erp_export_v1.csv,WEST,1936
2024-06-24,S004,C003,73,,97,USD,2024-06-25 02:00:00,erp_export_v1.csv,WEST,1692
2024-06-24,S005,C003,89,,131,USD,2024-06-25 02:00:00,erp_export_v1.csv,WEST,814
2024-07-01,S001,C001,22,,72,USD,2024-07-02 02:00:00,erp_export_v1.csv,EAST,1228
2024-07-01,S002,C001,39,,64,USD,2024-07-02 02:00:00,erp_export_v1.csv,EAST,2419
2024-07-01,S003,C001,36,,88,USD,2024-07-02 02:00:00,erp_export_v1.csv,EAST,1990
2024-07-01,S004,C001,56,,78,USD,2024-07-02 02:00:00,erp_export_v1.csv,EAST,1704
2024-07-01,S005,C001,50,,84,USD,2024-07-02 02:00:00,erp_export_v1.csv,EAST,807
2024-07-01,S001,C002,35,,63,USD,2024-07-02 02:00:00,erp_export_v1.csv,NORTH,1231
2024-07-01,S002,C002,36,,95,USD,2024-07-02 02:00:00,erp_export_v1.csv,NORTH,2391
2024-07-01,S003,C002,44,,91,USD,2024-07-02 02:00:00,erp_export_v1.csv,NORTH,1959
2024-07-01,S004,C002,49,,84,USD,2024-07-02 02:00:00,erp_export_v1.csv,NORTH,1674
2024-07-01,S005,C002,62,,90,USD,2024-07-02 02:00:00,erp_export_v1.csv,NORTH,823
2024-07-01,S001,C003,33,,81,USD,2024-07-02 02:00:00,erp_export_v1.csv,WEST,1239
2024-07-01,S002,C003,35,,69,USD,2024-07-02 02:00:00,erp_export_v1.csv,WEST,2380
2024-07-01,S003,C003,52,,77,USD,2024-07-02 02:00:00,erp_export_v1.csv,WEST,1928
2024-07-01,S004,C003,66,,114,USD,2024-07-02 02:00:00,erp_export_v1.csv,WEST,1706
2024-07-01,S005,C003,77,,103,USD,2024-07-02 02:00:00,erp_export_v1.csv,WEST,826
2024-07-08,S001,C001,19,,42,USD,2024-07-09 02:00:00,erp_export_v1.csv,EAST,1272
2024-07-08,S002,C001,34,,79,USD,2024-07-09 02:00:00,erp_export_v1.csv,EAST,2358
2024-07-08,S003,C001,29,,71,USD,2024-07-09 02:00:00,erp_export_v1.csv,EAST,1996
2024-07-08,S004,C001,57,,110,USD,2024-07-09 02:00:00,erp_export_v1.csv,EAST,1708
2024-07-08,S005,C001,66,,111,USD,2024-07-09 02:00:00,erp_export_v1.csv,EAST,826
2024-07-08,S001,C002,34,,80,USD,2024-07-09 02:00:00,erp_export_v1.csv,NORTH,1260
2024-07-08,S002,C002,38,,92,USD,2024-07-09 02:00:00,erp_export_v1.csv,NORTH,2361
2024-07-08,S003,C002,43,,81,USD,2024-07-09 02:00:00,erp_export_v1.csv,NORTH,1986
2024-07-08,S004,C002,57,,112,USD,2024-07-09 02:00:00,erp_export_v1.csv,NORTH,1707
2024-07-08,S005,C002,66,,119,USD,2024-07-09 02:00:00,erp_export_v1.csv,NORTH,797
2024-07-08,S001,C003,30,,71,USD,2024-07-09 02:00:00,erp_export_v1.csv,WEST,1242
2024-07-08,S002,C003,47,,84,USD,2024-07-09 02:00:00,erp_export_v1.csv,WEST,2364
2024-07-08,S003,C003,49,,83,USD,2024-07-09 02:00:00,erp_export_v1.csv,WEST,1943
2024-07-08,S004,C003,54,,84,USD,2024-07-09 02:00:00,erp_export_v1.csv,WEST,1714
2024-07-08,S005,C003,68,,96,USD,2024-07-09 02:00:00,erp_export_v1.csv,WEST,826
